time,latitude,longitude,depth,mag,magType,nst,gap,dmin,rms,net,id,updated,place,type
2015-07-19T23:49:54.880Z,-6.4939,130.0369,164.95,4.7,mb,,100,1.937,1.35,us,us20002yku,2015-07-20T07:52:38.566Z,"214km NW of Saumlaki, Indonesia",earthquake
2015-07-19T21:08:47.580Z,-31.6921,-71.8994,23.24,4.2,mwr,,191,0.909,0.45,us,us20002yk8,2015-07-20T05:11:27.445Z,"69km W of Illapel, Chile",earthquake
2015-07-19T21:02:41.160Z,-4.4717,125.396,437.48,4.6,mb,,67,5.367,1.12,us,us20002yk7,2015-07-20T05:05:21.352Z,"146km WSW of Leksula, Indonesia",earthquake
2015-07-19T19:06:01.180Z,12.4405,142.9188,55.99,4.7,mb,,90,2.216,0.97,us,us20002yji,2015-07-20T03:08:43.381Z,"210km WSW of Merizo Village, Guam",earthquake
2015-07-19T13:20:41.940Z,22.7403,142.9427,115.37,4.2,mb,,275,4.39,0.38,us,us20002yih,2015-07-19T21:23:23.842Z,"279km SE of Iwo Jima, Japan",earthquake
2015-07-19T11:16:21.920Z,2.7621,-78.8975,12.14,4.9,mb,,81,0.936,0.9,us,us20002yi3,2015-07-19T19:18:52.511Z,"57km WNW of Mosquera, Colombia",earthquake
2015-07-19T07:50:15.750Z,1.0803,122.8314,55.1,4.7,mb,,66,2.049,0.8,us,us20002yhk,2015-07-19T15:52:49.591Z,"48km N of Isimu, Indonesia",earthquake
2015-07-19T07:34:30.920Z,-10.4099,165.4151,10,4.9,mb,,108,5.301,0.77,us,us20002yhj,2015-07-19T15:37:10.493Z,"56km NW of Lata, Solomon Islands",earthquake
2015-07-19T06:34:12.510Z,13.7898,-58.2422,10,4.5,mb,,182,1.432,1.41,us,us20002yh2,2015-07-19T14:36:47.796Z,"151km ENE of Bathsheba, Barbados",earthquake
2015-07-19T05:48:14.800Z,-4.9617,153.1252,47.82,4.7,mb,,104,1.226,0.8,us,us20002ygv,2015-07-19T13:50:57.664Z,"55km S of Taron, Papua New Guinea",earthquake
2015-07-19T02:55:00.590Z,2.8703,125.1267,85.75,4.6,mb,,82,3.058,0.82,us,us20002ygm,2015-07-19T10:57:34.171Z,"153km N of Laikit, Laikit II (Dimembe), Indonesia",earthquake
2015-07-19T01:26:13.580Z,37.9373,72.475,143.44,4.3,mb,,99,0.763,0.87,us,us20002ygf,2015-07-19T09:28:46.163Z,"92km ENE of Shughnon, Tajikistan",earthquake
2015-07-18T23:48:08.860Z,30.4233,79.1152,10,4.4,mb,,97,9.407,0.51,us,us20002ygc,2015-07-19T07:50:42.482Z,"20km NE of Rudraprayag, India",earthquake
2015-07-18T23:42:59.330Z,-18.0233,-178.3016,629.16,4.3,mb,,122,3.482,0.72,us,us20002ygb,2015-07-19T07:45:33.895Z,"293km N of Ndoi Island, Fiji",earthquake
2015-07-18T20:18:03.000Z,55.3256,-155.9556,32,4,ml,,,,0.92,ak,ak11650157,2015-07-19T04:21:02.927Z,"43km SW of Chirikof Island, Alaska",earthquake
2015-07-18T17:13:22.080Z,31.0117,131.4675,36.26,4.7,mwr,,47,1,1.09,us,us20002yec,2015-07-19T01:15:58.939Z,"54km SSE of Kushima, Japan",earthquake
2015-07-18T17:04:28.550Z,-10.4765,165.406,44.23,4.8,mb,,50,5.241,1.06,us,us20002yee,2015-07-19T01:07:13.330Z,"53km WNW of Lata, Solomon Islands",earthquake
2015-07-18T15:46:42.960Z,18.7458,121.0641,24.47,5.3,mb,,83,1.321,1.06,us,us20002ye0,2015-07-18T16:32:48.847Z,"15km N of Claveria, Philippines",earthquake
2015-07-18T15:41:45.860Z,-10.4333,164.8265,10,4.8,mb,,99,4.907,1.01,us,us20002ye1,2015-07-18T23:44:25.236Z,"114km WNW of Lata, Solomon Islands",earthquake
2015-07-18T13:46:11.960Z,-10.557,165.4066,10,4.7,mb,,89,5.166,1.31,us,us20002yd6,2015-07-18T21:49:05.210Z,"49km WNW of Lata, Solomon Islands",earthquake
2015-07-18T13:20:28.560Z,51.5507,-176.7526,51.23,5.1,mb,,136,0.334,1.1,us,us20002ycy,2015-07-18T21:23:00.922Z,"37km S of Adak, Alaska",earthquake
2015-07-18T10:42:05.630Z,-15.0457,-175.3249,297.54,4.6,mb,,69,3.617,1.32,us,us20002yce,2015-07-18T18:45:05.815Z,"196km WNW of Hihifo, Tonga",earthquake
2015-07-18T09:28:07.420Z,32.0879,131.7914,55.45,4.2,mb,,85,1.277,0.82,us,us20002yc8,2015-07-18T17:30:41.854Z,"27km E of Takanabe, Japan",earthquake
2015-07-18T09:22:32.380Z,-10.6776,164.8272,10,5,mb,,66,5.275,0.98,us,us20002yc7,2015-07-18T17:25:06.371Z,"110km W of Lata, Solomon Islands",earthquake
2015-07-18T07:53:30.570Z,13.3395,-90.9469,10,4.6,mb,,123,3.143,1.13,us,us20002ybs,2015-07-18T08:16:33.684Z,"66km SSW of Puerto San Jose, Guatemala",earthquake
2015-07-18T05:41:26.720Z,30.363,94.8219,10,5.1,mb,,49,5.45,0.77,us,us20002ybg,2015-07-18T13:44:08.321Z,"59km S of Domartang, China",earthquake
2015-07-18T05:23:05.510Z,72.5067,3.2343,10,4.9,mb,,64,6.781,1.07,us,us20002ybb,2015-07-18T13:25:48.211Z,"Norwegian Sea",earthquake
2015-07-18T04:30:06.070Z,-10.3445,165.0896,10,5.1,mb,,72,5.145,1,us,us20002yb6,2015-07-18T12:32:35.310Z,"91km WNW of Lata, Solomon Islands",earthquake
2015-07-18T03:32:35.800Z,-10.3066,165.054,10,4.9,mb,,73,5.105,0.88,us,us20002yay,2015-07-18T11:35:03.351Z,"96km WNW of Lata, Solomon Islands",earthquake
2015-07-18T02:27:33.570Z,-10.4436,165.1715,10,7,mww,,26,5.242,1.24,us,us20002yaw,2015-07-18T16:56:34.000Z,"78km WNW of Lata, Solomon Islands",earthquake
2015-07-17T23:49:03.160Z,-13.5934,166.8053,70.94,5.1,mb,,63,1.882,0.72,us,us20002ya5,2015-07-18T07:51:37.306Z,"86km WNW of Sola, Vanuatu",earthquake
2015-07-17T22:26:02.700Z,-19.1552,-175.1029,187.87,4.7,mb,,79,6.645,1.18,us,us20002y9d,2015-07-18T06:28:30.952Z,"106km NW of Pangai, Tonga",earthquake
2015-07-17T19:51:18.350Z,36.8286,69.2462,13.66,4.1,mwr,,70,1.105,1.15,us,us20002y7r,2015-07-18T20:16:50.291Z,"19km NE of Khanabad, Afghanistan",earthquake
2015-07-17T19:39:44.170Z,-5.521,152.0534,37.98,5.2,mb,,19,1.325,0.86,us,us20002y7m,2015-07-18T18:44:57.630Z,"131km S of Kokopo, Papua New Guinea",earthquake
2015-07-17T19:36:51.660Z,36.9178,69.2709,7.85,4.1,mwr,,51,1.065,1.59,us,us20002y7i,2015-07-18T18:35:48.619Z,"25km SSE of Dasht-e Archi, Afghanistan",earthquake
2015-07-17T18:49:53.790Z,-18.1108,-178.1969,536.7,5.8,mww,,13,3.588,1.29,us,us20002y6h,2015-07-18T16:38:21.453Z,"286km N of Ndoi Island, Fiji",earthquake
2015-07-17T18:06:34.280Z,13.9318,-58.9646,6.79,4.6,mb,,147,0.973,1.2,us,us20002y64,2015-07-18T21:40:22.515Z,"99km NE of Bathsheba, Barbados",earthquake
2015-07-17T17:47:12.360Z,9.1326,126.5168,61.24,4.8,mb,,94,2.25,0.75,us,us20002y60,2015-07-18T14:21:37.000Z,"31km NE of Bayabas, Philippines",earthquake
2015-07-17T14:20:06.120Z,9.0211,126.6921,79.12,4.8,mb,,121,2.23,0.85,us,us20002y58,2015-07-17T22:22:34.538Z,"44km ENE of Cagwait, Philippines",earthquake
2015-07-17T12:23:06.720Z,19.4385,-73.7295,10,4.3,mb,,30,1.389,1.48,us,us20002y4l,2015-07-17T20:25:44.769Z,"50km SW of Bombardopolis, Haiti",earthquake
2015-07-17T12:04:54.190Z,-35.5242,-73.157,11.24,4.3,mwr,,149,1.127,0.65,us,us20002y4h,2015-07-17T20:07:24.258Z,"70km WSW of Constitucion, Chile",earthquake
2015-07-17T11:56:19.780Z,-15.0116,-71.9437,135.75,4.4,mb,,123,3.676,1.37,us,us20002y4g,2015-07-17T19:58:59.457Z,"51km ENE of Orcopampa, Peru",earthquake
2015-07-17T11:11:22.480Z,-35.5097,-73.1865,10,5.4,mb,,132,1.142,0.75,us,us20002y48,2015-07-17T16:40:15.000Z,"72km WSW of Constitucion, Chile",earthquake
2015-07-17T11:01:15.430Z,13.4977,-91.9522,45.73,4.9,mb,,152,1.051,1.12,us,us20002y46,2015-07-17T19:03:52.116Z,"88km S of Champerico, Guatemala",earthquake
2015-07-17T10:30:35.890Z,21.4489,144.1512,114.7,4.6,mb,,122,5.9,0.9,us,us20002y42,2015-07-17T18:37:22.043Z,"127km NW of Farallon de Pajaros, Northern Mariana Islands",earthquake
2015-07-17T06:22:24.490Z,-32.3546,-177.7807,10,5.1,mb,,75,3.102,1.12,us,us20002y3c,2015-07-17T14:26:45.959Z,"147km SE of L'Esperance Rock, New Zealand",earthquake
2015-07-17T03:35:28.240Z,18.8412,-67.5932,28.19,4.5,mb,,81,0.589,1.26,us,us20002y33,2015-07-17T04:37:52.711Z,"64km NW of San Antonio, Puerto Rico",earthquake
2015-07-16T23:29:03.630Z,11.6072,142.6081,10,5.1,mb,,50,2.958,0.66,us,us20002y24,2015-07-17T07:31:34.127Z,"289km SW of Merizo Village, Guam",earthquake
2015-07-16T20:53:16.860Z,9.1345,126.799,32,5.2,mb,,39,2.38,0.83,us,us20002y0b,2015-07-17T04:55:54.381Z,"59km ENE of Cagwait, Philippines",earthquake
2015-07-16T20:41:28.160Z,-32.3547,-176.1653,39.32,5,mb,,154,3.451,0.86,us,us20002y07,2015-07-17T04:44:01.469Z,"278km ESE of L'Esperance Rock, New Zealand",earthquake
2015-07-16T17:37:59.600Z,19.8596,-64.3656,34,4.2,Md,18,288,1.36184597,0.23,pr,pr15197013,2015-07-16T19:08:42.040Z,"132km N of Road Town, British Virgin Islands",earthquake
2015-07-16T15:36:16.590Z,13.9555,-58.4424,19.37,5.1,mb,,137,1.352,1.01,us,us20002xx9,2015-07-17T15:07:15.610Z,"142km NE of Bathsheba, Barbados",earthquake
2015-07-16T15:16:32.200Z,13.8552,-58.55,10,6.5,mww,,31,1.209,0.97,us,us20002xx1,2015-07-18T19:38:00.797Z,"126km NE of Bathsheba, Barbados",earthquake
2015-07-16T13:02:10.080Z,14.6145,147.0217,34.34,5.2,mb,,114,2.324,1.21,us,us20002xwj,2015-07-16T21:04:40.969Z,"151km ESE of Saipan, Northern Mariana Islands",earthquake
2015-07-16T11:01:47.230Z,13.8905,-58.4939,13.41,5.7,mww,,41,1.274,0.89,us,us20002xw5,2015-07-17T16:06:59.000Z,"133km NE of Bathsheba, Barbados",earthquake
2015-07-16T10:48:05.070Z,-29.4964,-71.9138,10,5.3,mb,,104,1.165,1.32,us,us20002xvy,2015-07-16T19:21:51.000Z,"74km NW of Coquimbo, Chile",earthquake
2015-07-16T09:53:10.120Z,14.1072,-89.8327,10,4.3,mb,,149,0.541,1.03,us,us20002xvw,2015-07-16T17:55:57.070Z,"2km S of Zapotitlan, Guatemala",earthquake
2015-07-16T06:37:49.490Z,-7.2915,-107.3644,10,4.5,mb,,219,26.181,0.87,us,us20002xvm,2015-07-16T14:40:29.499Z,"Central East Pacific Rise",earthquake
2015-07-16T06:21:56.380Z,55.3388,-35.2546,10,4.7,mb,,69,7.918,0.95,us,us20002xvk,2015-07-16T14:24:37.454Z,"Reykjanes Ridge",earthquake
2015-07-16T06:13:26.880Z,33.2292,139.455,10,4.8,mb,,92,0.321,0.63,us,us20002xve,2015-07-16T14:16:07.884Z,"36km WNW of Hachijo-jima, Japan",earthquake
2015-07-16T01:58:53.950Z,-26.8577,-176.1994,10,5.2,mb,,53,2.827,1.42,us,us20002xu6,2015-07-16T10:01:34.327Z,"South of the Fiji Islands",earthquake
2015-07-16T01:52:11.941Z,41.8947,-119.636,10.1063,4.61,ml,5,217.51,0.132,0.1861,nn,nn00501944,2015-07-17T18:37:21.278Z,"64km ESE of Lakeview, Oregon",earthquake
2015-07-16T01:15:49.300Z,33.2318,139.4794,10,4.8,mb,,92,0.303,0.9,us,us20002xtr,2015-07-16T09:18:20.332Z,"34km WNW of Hachijo-jima, Japan",earthquake
2015-07-16T01:15:09.730Z,41.3671,142.5415,39.78,4.9,mb,,133,0.794,0.8,us,us20002xtp,2015-07-16T08:46:56.100Z,"108km S of Shizunai, Japan",earthquake
2015-07-15T22:16:19.630Z,18.8134,145.1329,520.49,5,mb,,44,5.2,0.73,us,us20002xt0,2015-07-16T06:18:46.338Z,"56km W of Agrihan, Northern Mariana Islands",earthquake
2015-07-15T21:14:09.750Z,42.5874,141.6056,128.42,4.4,mb,,72,0.28,0.73,us,us20002xse,2015-07-16T05:16:37.659Z,"5km S of Tomakomai, Japan",earthquake
2015-07-15T17:19:50.720Z,-32.0822,-69.236,112.02,4.6,mb,,55,0.711,1.06,us,us20002xpr,2015-07-15T22:46:18.004Z,"75km SW of Pocito, Argentina",earthquake
2015-07-15T16:31:47.630Z,-14.7211,-76.0079,10,4.9,mb,,131,2.836,0.63,us,us20002xpj,2015-07-16T00:34:17.508Z,"66km SSW of Santiago, Peru",earthquake
2015-07-15T14:10:03.850Z,-15.6521,41.0996,13.31,5.2,mb,,62,6.742,1.19,us,us20002xnn,2015-07-15T22:29:56.750Z,"78km SSE of Ilha de Mocambique, Mozambique",earthquake
2015-07-15T13:00:03.200Z,19.1625,-67.7817,50,4.3,Ml,19,237.6,0.82555175,0.87,pr,pr15196001,2015-07-15T21:02:36.976Z,"91km NE of Punta Cana, Dominican Republic",earthquake
2015-07-15T11:25:59.980Z,27.3508,65.9684,10,5.5,mb,,54,7.637,1.15,us,us20002xn1,2015-07-17T16:06:58.000Z,"79km WSW of Khuzdar, Pakistan",earthquake
2015-07-15T09:22:26.490Z,16.281,-96.7735,49.35,4.6,mb,,189,2.137,0.98,us,us20002xle,2015-07-15T09:50:33.227Z,"12km WSW of Santa Cruz Xitla, Mexico",earthquake
2015-07-15T08:08:48.680Z,40.2404,142.4126,29.22,4.6,mb,,134,1.432,1.14,us,us20002xkm,2015-07-15T16:11:30.875Z,"77km NNE of Miyako, Japan",earthquake
2015-07-15T08:01:07.200Z,33.2278,139.5236,10,4.8,mb,,76,0.268,1.18,us,us20002xkh,2015-07-15T16:03:38.133Z,"30km WNW of Hachijo-jima, Japan",earthquake
2015-07-15T07:38:49.270Z,35.7198,4.5556,10,4,mb,,191,3.897,1.44,us,us20002xky,2015-07-15T21:47:25.492Z,"1km NE of M'Sila, Algeria",earthquake
2015-07-15T07:22:54.620Z,13.0191,143.9964,57.38,4.7,mb,,139,1.02,0.62,us,us20002xki,2015-07-15T15:25:43.621Z,"77km WSW of Merizo Village, Guam",earthquake
2015-07-15T02:59:56.150Z,51.7555,-173.9289,47.07,4.5,mb,,100,0.476,0.86,us,us20002xjf,2015-07-16T02:51:11.397Z,"52km SSE of Atka, Alaska",earthquake
2015-07-14T23:26:57.140Z,6.81,-73.0024,145.9,4.7,mb,,60,0.914,1.11,us,us20002xih,2015-07-15T07:29:27.933Z,"13km N of Aratoca, Colombia",earthquake
2015-07-14T15:42:51.270Z,39.2109,144.6712,34.36,4.7,mb,,115,3.028,0.54,us,us20002xe9,2015-07-14T18:44:19.589Z,"236km E of Yamada, Japan",earthquake
2015-07-14T14:35:51.450Z,35.8464,70.9862,88.5,4.7,mb,,65,1.318,0.79,us,us20002xdw,2015-07-14T22:38:27.422Z,"27km SE of `Alaqahdari-ye Kiran wa Munjan, Afghanistan",earthquake
2015-07-14T13:20:50.700Z,-11.1505,111.2422,27.09,4.9,mb,,52,3.294,0.79,us,us20002xdn,2015-07-14T21:23:25.302Z,"South of Java, Indonesia",earthquake
2015-07-14T13:16:35.860Z,37.4147,141.7115,39.17,4.7,mb,,145,0.86,0.45,us,us20002xdl,2015-07-15T00:15:46.188Z,"63km E of Namie, Japan",earthquake
2015-07-14T13:14:11.320Z,15.6116,-92.5516,147.61,4.8,mb,,132,0.776,1.12,us,us20002xdk,2015-07-14T15:50:25.776Z,"29km SE of Nueva Palestina, Mexico",earthquake
2015-07-14T12:34:09.960Z,-7.2339,154.5731,35,4.9,mb,,92,3.858,1.03,us,us20002xdi,2015-07-14T20:36:52.087Z,"143km SW of Panguna, Papua New Guinea",earthquake
2015-07-14T12:29:14.920Z,37.7152,77.8669,41.8,4.4,mb,,94,4.931,0.9,us,us20002xdf,2015-07-14T20:31:42.712Z,"60km ESE of Yilkiqi, China",earthquake
2015-07-14T06:45:40.570Z,-8.3441,121.205,206.32,4.8,mb,,75,1.061,1.16,us,us20002xcx,2015-07-14T14:48:13.872Z,"13km NNE of Tungguwaneng, Indonesia",earthquake
2015-07-14T06:07:24.180Z,37.4318,78.191,40.72,4.5,mb,,174,5.507,0.52,us,us20002xcs,2015-07-14T14:10:01.146Z,"101km SE of Yilkiqi, China",earthquake
2015-07-14T04:46:41.860Z,-24.1625,-67.1276,184.57,4.3,mb,,39,2.25,1.31,us,us20002xci,2015-07-14T12:49:21.795Z,"82km W of San Antonio de los Cobres, Argentina",earthquake
2015-07-14T02:10:08.810Z,-9.5141,154.3109,24.3,4.8,mb,,114,7.055,1.22,us,us20002xc4,2015-07-14T10:12:52.365Z,"182km ESE of Kulumadau, Papua New Guinea",earthquake
2015-07-14T01:25:39.760Z,18.5034,-103.0811,65.89,4.7,mb,,187,2.089,0.99,us,us20002xbw,2015-07-14T03:41:04.099Z,"31km SSE of Coalcoman de Matamoros, Mexico",earthquake
2015-07-13T23:44:44.370Z,11.7098,46.2822,10,4.6,mb,,128,3.37,1.4,us,us20002xbn,2015-07-14T07:47:14.496Z,"169km NW of Ceerigaabo, Somalia",earthquake
2015-07-13T23:35:10.010Z,45.6612,26.4432,147.9,4.1,mb,,56,0.22,0.69,us,us20002xbq,2015-07-14T07:37:49.100Z,"18km SE of Comandau, Romania",earthquake
2015-07-13T23:21:58.470Z,30.9256,141.9979,14.37,5.1,mb,,115,2.864,1.13,us,us20002xbg,2015-07-14T07:24:37.347Z,"Izu Islands, Japan region",earthquake
2015-07-13T21:16:47.430Z,-33.0939,-70.2347,98.52,4.9,mb,,48,0.423,0.74,us,us20002xac,2015-07-14T14:04:47.620Z,"44km SE of Los Andes, Chile",earthquake
2015-07-13T20:16:08.900Z,-55.9859,-28.3503,137.68,5.3,mb,,29,4.971,0.97,us,us20002x9h,2015-07-14T04:18:46.612Z,"106km NW of Visokoi Island, South Georgia and the South Sandwich Islands",earthquake
2015-07-13T18:25:07.230Z,39.1297,72.5152,10,4.8,mb,,61,0.654,1.94,us,us20002x6l,2015-07-14T02:27:44.386Z,"86km E of Karakenja, Tajikistan",earthquake
2015-07-13T16:52:28.360Z,12.0962,46.2289,10,4.8,mb,,118,3.358,0.88,us,us20002x6b,2015-07-14T00:55:08.996Z,"146km SE of Zinjibar, Yemen",earthquake
2015-07-13T16:51:07.650Z,12.1733,46.1877,10,4.8,mb,,52,3.332,0.9,us,us20002x5x,2015-07-14T00:53:46.697Z,"137km SE of Zinjibar, Yemen",earthquake
2015-07-13T16:09:32.000Z,-40.5,175.04,5,4.3,mb,,,,0.83,us,us20002x5k,2015-07-14T00:12:10.616Z,"22km W of Foxton, New Zealand",earthquake
2015-07-13T15:10:52.920Z,-24.0749,-67.6258,151.02,4.5,mb,,93,1.874,0.82,us,us20002x57,2015-07-13T23:13:35.513Z,"133km W of San Antonio de los Cobres, Argentina",earthquake
2015-07-13T12:54:41.400Z,19.055,-64.1203,24,4.1,Ml,18,306,0.62073586,0.2,pr,pr15194001,2015-07-13T20:57:18.046Z,"86km NE of Road Town, British Virgin Islands",earthquake
2015-07-13T12:24:03.370Z,16.8873,-97.854,37.98,4.3,mb,,193,0.956,0.54,us,us20002x4r,2015-07-13T20:26:45.159Z,"18km SSE of Putla de Guerrero, Mexico",earthquake
2015-07-13T11:30:51.370Z,11.8994,46.3055,15.92,4.7,mb,,101,3.407,0.65,us,us20002x4e,2015-07-13T19:33:36.562Z,"168km SE of Aden, Yemen",earthquake
2015-07-13T11:26:02.770Z,26.9878,143.7105,4.64,4.7,mb,,93,1.365,1.01,us,us20002x4i,2015-07-13T19:29:45.435Z,"148km E of Chichi-shima, Japan",earthquake
2015-07-13T11:14:04.280Z,11.8971,46.339,15.92,5,mb,,78,13.751,1.11,us,us20002x43,2015-07-13T19:16:47.805Z,"171km SE of Zinjibar, Yemen",earthquake
2015-07-13T11:12:58.610Z,11.8205,46.3477,15.23,4.7,mb,,101,3.441,0.71,us,us20002x41,2015-07-13T19:15:43.108Z,"173km NW of Ceerigaabo, Somalia",earthquake
2015-07-13T09:59:26.410Z,-9.3038,158.6065,23.15,4.8,mb,,107,1.33,0.89,us,us20002x3c,2015-07-13T18:02:08.853Z,"146km SSW of Dadali, Solomon Islands",earthquake
2015-07-13T09:37:34.240Z,16.3629,-98.0862,48.41,4.7,mb,,180,1.278,0.72,us,us20002x33,2015-07-13T14:25:09.369Z,"9km NW of Santiago Pinotepa Nacional, Mexico",earthquake
2015-07-13T08:16:59.680Z,29.8769,142.8429,10,4.7,mb,,170,2.831,1.16,us,us20002x2m,2015-07-13T16:19:29.133Z,"Izu Islands, Japan region",earthquake
2015-07-13T06:52:36.830Z,31.4404,131.7708,40.96,4.8,mb,,168,1.128,0.99,us,us20002x29,2015-07-13T14:55:20.318Z,"42km ESE of Nichinan, Japan",earthquake
2015-07-13T05:16:58.950Z,61.3754,-27.4496,15.33,4.5,mb,,141,4.382,0.55,us,us20002x1y,2015-07-13T13:19:33.011Z,"Iceland region",earthquake
2015-07-13T04:43:19.680Z,-60.72,-50.4207,10,5,mb,,54,4.235,1.12,us,us20002x1u,2015-07-13T12:45:50.647Z,"Scotia Sea",earthquake
2015-07-13T04:15:31.940Z,53.2483,107.9846,13.88,4.3,mb,,119,3.084,0.62,us,us20002x1s,2015-07-13T12:18:07.446Z,"36km NNW of Turka, Russia",earthquake
2015-07-13T03:30:41.760Z,-17.5681,167.8712,35,4.8,mb,,120,3.247,0.9,us,us20002x1m,2015-07-13T05:27:29.192Z,"51km WNW of Port-Vila, Vanuatu",earthquake
2015-07-13T02:52:42.370Z,-7.6799,129.9837,9.65,4.7,mb,,77,1.337,0.77,us,us20002x1h,2015-07-13T10:55:16.613Z,"150km WNW of Saumlaki, Indonesia",earthquake
2015-07-13T01:46:25.660Z,35.7066,73.7278,53.89,4.2,mb,,163,2.085,0.77,us,us20002x1c,2015-07-13T09:49:09.088Z,"47km NW of Chilas, Pakistan",earthquake
2015-07-13T00:31:51.770Z,-23.9004,-67.0586,224.14,4.2,mb,,54,2.132,1.2,us,us20002x15,2015-07-20T03:10:55.830Z,"83km WNW of San Antonio de los Cobres, Argentina",earthquake
2015-07-12T23:20:25.980Z,36.6051,70.8303,218.63,4.2,mb,,109,0.558,0.72,us,us20002x10,2015-07-20T03:05:45.202Z,"28km S of Jarm, Afghanistan",earthquake
2015-07-12T21:36:52.090Z,36.6555,70.9545,210.74,4.1,mb,,58,0.558,0.82,us,us20002x05,2015-07-13T05:39:24.061Z,"25km SSE of Jarm, Afghanistan",earthquake
2015-07-12T17:52:06.240Z,32.9728,131.8242,55.28,5.4,mb,,67,0.81,0.62,us,us20002wz9,2015-07-17T16:06:57.000Z,"7km WNW of Saiki, Japan",earthquake
2015-07-12T17:38:22.860Z,-7.2611,-106.9635,10,4.6,mb,,299,28.014,0.76,us,us20002wzf,2015-07-13T01:40:54.455Z,"Central East Pacific Rise",earthquake
2015-07-12T17:33:09.000Z,-60.4786,-18.8146,21.53,4.6,mb,,117,11.357,1.09,us,us20002wzp,2015-07-13T01:35:50.882Z,"East of the South Sandwich Islands",earthquake
2015-07-12T16:45:54.790Z,37.2454,71.9121,161.88,4.3,mb,,99,0.347,0.71,us,us20002wyp,2015-07-13T00:48:38.933Z,"7km E of Roshtqal'a, Tajikistan",earthquake
2015-07-12T16:10:10.000Z,37.78,21.78,5,4.5,mb,,,,1.58,us,us20002wyh,2015-07-13T00:12:40.355Z,"8km NE of Lalas, Greece",earthquake
2015-07-12T15:22:19.460Z,-8.6331,116.1044,127.16,4.6,mb,,83,1.937,0.96,us,us20002wy9,2015-07-12T17:30:05.894Z,"3km W of Karangkebon Timur, Indonesia",earthquake
2015-07-12T10:52:02.510Z,28.7248,143.1104,35.22,4.8,mb,,151,1.818,0.49,us,us20002wx6,2015-07-12T18:54:35.347Z,"202km NNE of Chichi-shima, Japan",earthquake
2015-07-12T10:35:57.020Z,-55.4408,-28.6904,37.82,5.1,mb,,69,4.652,0.51,us,us20002wx1,2015-07-12T18:38:36.015Z,"168km NW of Visokoi Island, South Georgia and the South Sandwich Islands",earthquake
2015-07-12T09:47:04.100Z,-2.9819,-75.6151,131.82,4.3,mb,,130,4.273,0.85,us,us20002wwy,2015-07-12T17:49:38.313Z,"237km NNE of Barranca, Peru",earthquake
2015-07-12T07:04:03.160Z,-21.2219,-176.2145,166.92,4.8,mb,,51,6.28,1.37,us,us20002wwm,2015-07-12T07:29:01.881Z,"103km W of Havelu, Tonga",earthquake
2015-07-12T06:54:50.120Z,-32.0898,-71.1587,58.09,4,mb,,143,0.846,0.58,us,us20002wwk,2015-07-12T22:41:25.311Z,"39km SSW of Salamanca, Chile",earthquake
2015-07-12T04:37:30.850Z,3.0122,128.204,109.74,5.2,mb,,70,2.377,0.95,us,us20002wvt,2015-07-17T16:06:56.000Z,"143km N of Tobelo, Indonesia",earthquake
2015-07-12T04:18:34.060Z,-9.6358,158.0794,10,4.8,mb,,115,1.853,0.76,us,us20002wvr,2015-07-12T12:21:10.552Z,"204km SSW of Dadali, Solomon Islands",earthquake
2015-07-12T04:15:49.820Z,-9.8177,158.1194,22.4,4.8,mb,,149,1.841,0.72,us,us20002wvp,2015-07-12T12:18:23.775Z,"205km WSW of Honiara, Solomon Islands",earthquake
2015-07-11T23:16:30.400Z,33.1676,140.9604,45.92,4.9,mb,,114,0.963,0.88,us,us20002wuy,2015-07-12T07:19:05.434Z,"108km E of Hachijo-jima, Japan",earthquake
2015-07-11T22:55:53.350Z,-3.8673,-80.6216,52.66,4.6,mb,,108,4.618,0.68,us,us20002wuw,2015-07-11T23:21:42.301Z,"21km SSE of Zorritos, Peru",earthquake
2015-07-11T22:48:34.530Z,-6.2685,130.7435,102.44,5,mb,,74,1.789,0.77,us,us20002wut,2015-07-12T06:51:04.835Z,"196km NNW of Saumlaki, Indonesia",earthquake
2015-07-11T18:39:44.670Z,25.9548,128.3487,13.21,5,mb,,80,0.88,0.92,us,us20002wtv,2015-07-14T17:11:53.487Z,"63km SE of Haebaru, Japan",earthquake
2015-07-11T18:27:45.730Z,35.6348,44.8137,56.2,4.3,mb,,66,2.668,1.26,us,us20002wtt,2015-07-14T16:12:43.241Z,"11km N of Chamchamal, Iraq",earthquake
2015-07-11T17:22:36.530Z,-2.2831,-78.9518,85.97,4.6,mb,,110,2.553,1.39,us,us20002wti,2015-07-14T14:49:13.029Z,"16km SW of Alausi, Ecuador",earthquake
2015-07-11T13:46:41.790Z,-5.7259,130.9834,92.85,4.7,mb,,79,2.263,0.85,us,us20002wsg,2015-07-11T21:49:20.932Z,"195km W of Tual, Indonesia",earthquake
2015-07-11T11:27:01.110Z,43.8513,148.0149,46.77,5.4,mb,,76,3.922,0.68,us,us20002wsa,2015-07-11T19:29:42.163Z,"104km E of Shikotan, Russia",earthquake
2015-07-11T07:32:21.560Z,13.8722,-45.5289,10,5,mb,,79,13.665,0.99,us,us20002wrh,2015-07-11T15:34:56.974Z,"Northern Mid-Atlantic Ridge",earthquake
2015-07-11T03:03:25.770Z,-5.0835,153.6155,40.08,4.9,mb,,73,1.697,1.19,us,us20002wqq,2015-07-11T11:05:59.439Z,"93km SE of Taron, Papua New Guinea",earthquake
2015-07-11T02:49:49.820Z,52.1316,170.3741,21.11,4.2,mb,,188,2.36,0.82,us,us20002wqk,2015-07-11T10:52:25.907Z,"206km WSW of Attu Station, Alaska",earthquake
2015-07-11T01:53:58.540Z,-4.8991,153.5473,60.95,5.2,mb,,53,1.548,1.01,us,us20002wqc,2015-07-11T09:56:42.337Z,"74km SE of Taron, Papua New Guinea",earthquake
2015-07-11T00:11:34.230Z,51.8958,178.4846,99.4,4.8,mb,,68,0.726,0.83,us,us20002wpw,2015-07-11T08:14:12.780Z,"6km SSW of Little Sitkin Island, Alaska",earthquake
2015-07-10T23:51:14.720Z,15.9494,-96.738,25.66,4.6,mb,,178,2.375,0.76,us,us20002wps,2015-07-11T00:16:48.452Z,"36km ENE of Puerto Escondido, Mexico",earthquake
2015-07-10T21:13:01.110Z,27.7513,86.1037,10,4.3,mb,,101,5.587,0.58,us,us20002wnl,2015-07-11T05:15:42.307Z,"27km SE of Kodari, Nepal",earthquake
2015-07-10T20:29:47.200Z,14.0005,-91.0645,60.26,4.2,mb,,172,0.803,1.17,us,us20002x01,2015-07-14T14:06:27.325Z,"9km S of La Gomera, Guatemala",earthquake
2015-07-10T17:56:56.670Z,55.9981,164.6823,13.38,4.4,mb,,115,4.608,0.63,us,us20002wmn,2015-07-11T14:38:22.537Z,"121km NW of Nikol'skoye, Russia",earthquake
2015-07-10T16:03:22.640Z,-55.3659,-27.031,30.74,5,mb,,112,5.574,1.14,us,us20002wlt,2015-07-11T00:05:53.343Z,"148km N of Visokoi Island, South Georgia and the South Sandwich Islands",earthquake
2015-07-10T11:46:09.110Z,8.5759,-83.1333,7.09,4.6,mb,,140,0.257,1.14,us,us20002wjc,2015-07-10T21:12:49.056Z,"7km SSE of Golfito, Costa Rica",earthquake
2015-07-10T09:34:44.170Z,-3.5714,151.1148,10,4.8,mb,,67,1.214,1.28,us,us20002wii,2015-07-10T17:37:19.162Z,"115km SSE of Kavieng, Papua New Guinea",earthquake
2015-07-10T07:24:03.360Z,-9.3571,158.5117,10,4.9,mb,,86,1.419,0.78,us,us20002wic,2015-07-10T15:26:30.834Z,"155km SSW of Dadali, Solomon Islands",earthquake
2015-07-10T04:21:16.380Z,-9.2476,158.1639,10,5.3,mb,,66,1.77,0.48,us,us20002whk,2015-07-10T12:23:46.454Z,"163km SW of Dadali, Solomon Islands",earthquake
2015-07-10T04:12:41.950Z,-9.3136,158.4233,10,6.7,mww,,16,1.509,1.08,us,us20002whh,2015-07-17T16:06:54.000Z,"155km SSW of Dadali, Solomon Islands",earthquake
2015-07-09T20:27:20.070Z,20.7946,144.9634,116.88,4.6,mb,,111,6.767,0.79,us,us20002we8,2015-07-10T04:29:57.045Z,"29km NNE of Farallon de Pajaros, Northern Mariana Islands",earthquake
2015-07-09T20:01:04.470Z,-37.3793,177.8671,59.44,4.6,mb,,177,0.394,0.51,us,us20002wdw,2015-07-10T04:03:38.617Z,"93km NNE of Opotiki, New Zealand",earthquake
2015-07-09T18:32:51.070Z,40.3643,141.4784,79.38,5.6,mwb,,15,0.743,0.87,us,us20002wd2,2015-07-17T16:06:53.000Z,"15km S of Hachinohe, Japan",earthquake
2015-07-09T18:08:38.080Z,-9.1242,-75.6412,39.81,5,mb,,117,3.08,0.89,us,us20002wct,2015-07-09T20:52:25.765Z,"44km ENE of Tingo Maria, Peru",earthquake
2015-07-09T17:54:09.600Z,37.253,78.4579,10,4,mb,,116,5.24,1.1,us,us20002wcq,2015-07-10T01:56:45.481Z,"114km W of Layka, China",earthquake
2015-07-09T16:15:13.730Z,36.079,139.8851,49.73,4.7,mb,,70,0.29,1.02,us,us20002wbe,2015-07-14T16:21:44.813Z,"3km NNW of Iwai, Japan",earthquake
2015-07-09T13:25:54.680Z,13.2608,-90.2647,55.55,5.1,mb,,177,3.013,1.14,us,us20002w9y,2015-07-17T16:06:52.000Z,"59km SW of Acajutla, El Salvador",earthquake
2015-07-09T10:07:38.790Z,-4.3364,153.4233,102.24,5.4,mb,,47,1.264,0.85,us,us20002w93,2015-07-09T18:11:15.865Z,"45km ENE of Taron, Papua New Guinea",earthquake
2015-07-09T08:27:39.800Z,40.1342,142.5118,42.2,5.1,mb,,133,1.941,1.16,us,us20002w8t,2015-07-13T01:13:08.027Z,"73km NE of Miyako, Japan",earthquake
2015-07-09T07:28:27.830Z,-18.6366,-177.1293,339.32,5.4,mb,,35,4.665,1.3,us,us20002w8m,2015-07-09T15:31:00.879Z,"277km NE of Ndoi Island, Fiji",earthquake
2015-07-09T03:30:01.320Z,34.7017,74.1582,61.58,4.2,mb,,99,1.281,0.9,us,us20002w84,2015-07-09T11:32:38.178Z,"27km ENE of Athmuqam, Pakistan",earthquake
2015-07-08T22:25:59.510Z,-58.7208,-25.2656,35,4.8,mb,,69,15.875,0.74,us,us20002w6r,2015-07-09T06:28:26.891Z,"80km ENE of Bristol Island, South Sandwich Islands",earthquake
2015-07-08T22:14:02.970Z,37.5658,29.5924,13.2,4,mb,,85,0.778,0.73,us,us20002w6k,2015-07-08T22:49:51.420Z,"15km WNW of Yesilova, Turkey",earthquake
2015-07-08T18:42:38.660Z,27.4829,65.7408,25.52,4.3,mb,,177,7.507,0.48,us,us20002w3r,2015-07-09T02:45:19.411Z,"93km WSW of Khuzdar, Pakistan",earthquake
2015-07-08T17:25:54.190Z,-14.8525,-172.8602,10,4.5,mb,,195,1.407,1.29,us,us20002w2p,2015-07-09T01:28:34.826Z,"129km SSW of Gataivai, Samoa",earthquake
2015-07-08T16:48:23.810Z,-36.0528,-73.4732,20.87,4.5,mb,,152,1.632,0.82,us,us20002w24,2015-07-09T00:51:07.810Z,"78km NW of Tome, Chile",earthquake
2015-07-08T13:43:53.900Z,4.2054,126.0716,113.07,4.9,mb,,69,2.887,1.01,us,us20002vz0,2015-07-12T15:10:48.641Z,"148km SSE of Sarangani, Philippines",earthquake
2015-07-08T12:05:30.260Z,1.0819,127.0494,131.42,4.7,mb,,88,0.442,0.71,us,us20002vyn,2015-07-08T20:08:13.584Z,"48km NW of Kota Ternate, Indonesia",earthquake
2015-07-08T12:01:23.830Z,9.9557,126.0467,66.69,4.8,mb,,91,2.904,0.77,us,us20002vym,2015-07-08T12:57:26.201Z,"4km E of San Benito, Philippines",earthquake
2015-07-08T07:15:55.060Z,-59.5098,-29.2029,10,5.1,mb,,58,14.538,1.27,us,us20002vxp,2015-07-08T15:18:23.454Z,"162km WSW of Bristol Island, South Sandwich Islands",earthquake
2015-07-08T07:08:31.940Z,-58.9457,-23.5127,21.93,4.8,mb,,73,8.539,0.93,us,us20002vxm,2015-07-08T15:11:02.945Z,"172km E of Bristol Island, South Sandwich Islands",earthquake
2015-07-08T04:13:25.300Z,27.1626,143.2704,25.38,4.7,mb,,140,0.97,0.99,us,us20002vx7,2015-07-08T12:15:58.146Z,"104km E of Chichi-shima, Japan",earthquake
2015-07-08T04:01:48.850Z,18.6124,-101.437,59.59,4.4,mb,,169,1.047,0.99,us,us20002vx3,2015-07-08T04:19:42.697Z,"20km E of Nuevo Churumuco, Mexico",earthquake
2015-07-08T02:43:36.520Z,40.0794,77.7366,25.13,4.6,mb,,74,2.086,0.99,us,us20002vww,2015-07-08T10:46:09.675Z,"145km ENE of Arzak, China",earthquake
2015-07-08T01:48:54.060Z,32.2775,49.4087,10,4.3,mb,,64,1.147,1.29,us,us20002vwu,2015-07-08T09:51:32.138Z,"39km NNE of Masjed Soleyman, Iran",earthquake
2015-07-08T01:23:18.440Z,17.0657,-94.511,100.57,4.1,mb,,152,2.405,1.15,us,us20002vwn,2015-07-08T09:26:00.279Z,"56km NNE of Niltepec, Mexico",earthquake
2015-07-08T01:05:37.300Z,-36.2062,52.6052,10,4.8,mb,,75,15.035,1.04,us,us20002vwl,2015-07-08T09:08:13.646Z,"Southwest Indian Ridge",earthquake
2015-07-08T00:38:56.650Z,4.9457,94.719,47.82,5.3,mb,,128,2.237,0.95,us,us20002vwj,2015-07-08T06:47:31.350Z,"95km SW of Banda Aceh, Indonesia",earthquake
2015-07-07T20:03:19.040Z,-22.948,-177.1008,169.31,5.8,mww,,41,6.315,1.13,us,us20002vuq,2015-07-17T16:06:51.000Z,"275km SW of Vaini, Tonga",earthquake
2015-07-07T18:39:29.550Z,-20.1696,-177.7251,484.95,4.4,mb,,111,4.667,1.01,us,us20002vtm,2015-07-08T13:58:39.955Z,"114km ENE of Ndoi Island, Fiji",earthquake
2015-07-07T18:04:47.470Z,-13.6829,-111.5758,10,4.7,mb,,215,35.528,0.78,us,us20002vsv,2015-07-17T16:06:50.000Z,"Central East Pacific Rise",earthquake
2015-07-07T16:41:36.420Z,-5.7114,151.4975,67.61,4.9,mb,,62,1.649,0.69,us,us20002vs7,2015-07-08T00:44:12.742Z,"151km E of Kimbe, Papua New Guinea",earthquake
2015-07-07T16:08:03.530Z,-13.4019,-111.3004,10,5,mb,,58,33.237,0.81,us,us20002vrz,2015-07-17T16:06:49.000Z,"Central East Pacific Rise",earthquake
2015-07-07T15:47:05.330Z,18.9862,-108.1635,10,4.3,mb,,158,4.962,0.82,us,us20002vrv,2015-07-07T23:49:48.846Z,"296km E of Socorro Island, Mexico",earthquake
2015-07-07T14:30:07.580Z,-6.2385,147.5711,65.15,4.6,mb,,86,3.172,0.46,us,us20002vr9,2015-07-07T22:32:35.711Z,"51km NW of Finschhafen, Papua New Guinea",earthquake
2015-07-07T14:15:52.240Z,56.0337,110.1192,10,4.9,mb,,80,14.646,0.52,us,us20002vr6,2015-07-07T22:18:32.636Z,"10km N of Kichera, Russia",earthquake
2015-07-07T13:35:15.540Z,-33.4103,-70.3419,101.18,4.7,mwr,,44,0.163,0.8,us,us20002vqy,2015-07-08T17:22:23.073Z,"22km ENE of Villa Presidente Frei, Nunoa, Santiago, Chile, Chile",earthquake
2015-07-07T11:13:40.250Z,-24.6313,-179.9447,507.5,4.6,mb,,98,4.934,0.95,us,us20002vq5,2015-07-07T19:16:18.936Z,"South of the Fiji Islands",earthquake
2015-07-07T09:33:20.370Z,-5.7765,150.1764,119.73,4.4,mb,,89,2.529,0.81,us,us20002vpq,2015-07-07T17:35:54.784Z,"25km S of Kimbe, Papua New Guinea",earthquake
2015-07-07T07:53:15.950Z,-5.4916,152.3372,46.39,5.2,mb,,38,1.303,0.77,us,us20002vng,2015-07-18T12:23:01.272Z,"126km S of Kokopo, Papua New Guinea",earthquake
2015-07-07T07:05:08.570Z,36.5342,70.2106,216.08,4.3,mb,,96,0.659,0.57,us,us20002vn1,2015-07-18T11:51:14.958Z,"31km E of Farkhar, Afghanistan",earthquake
2015-07-07T07:01:44.550Z,-13.3185,-111.6371,21,5.9,mww,,92,33.288,0.76,us,us20002vn3,2015-07-18T09:17:45.073Z,"Central East Pacific Rise",earthquake
2015-07-07T06:21:02.230Z,-35.4391,-179.7416,10,5.6,mwc,,30,2.638,0.95,us,us20002vuf,2015-07-17T16:06:46.000Z,"East of the North Island of New Zealand",earthquake
2015-07-07T05:35:10.430Z,-35.677,-178.8103,10,5.6,mb,,192,2.986,1.4,us,us20002vmc,2015-07-17T16:06:45.000Z,"East of the North Island of New Zealand",earthquake
2015-07-07T05:10:27.290Z,43.9859,147.9362,38.15,6.3,mwb,,33,3.854,1.18,us,us20002vm7,2015-07-17T16:06:44.000Z,"99km ENE of Shikotan, Russia",earthquake
2015-07-07T04:55:22.990Z,14.1818,-91.3418,54.48,4.2,mb,,167,0.483,1.08,us,us20002vlz,2015-07-07T14:50:20.966Z,"4km WSW of Nueva Concepcion, Guatemala",earthquake
2015-07-07T04:23:26.930Z,-7.5626,127.6439,46.13,4.8,mb,,102,3.986,0.88,us,us20002vlr,2015-07-07T12:25:58.455Z,"253km ENE of Dili, East Timor",earthquake
2015-07-07T00:43:12.130Z,-4.843,153.8044,104.15,4.6,mb,,76,1.759,0.56,us,us20002vky,2015-07-12T04:57:09.838Z,"95km ESE of Taron, Papua New Guinea",earthquake
2015-07-07T00:14:58.190Z,1.7963,128.5951,42.61,4.6,mb,,119,1.595,0.9,us,us20002vkv,2015-07-12T04:50:16.173Z,"65km E of Tobelo, Indonesia",earthquake
2015-07-06T23:58:09.590Z,42.381,19.3946,20.7,4.3,mb,,,,0.8,us,us20002vkp,2015-07-13T02:18:43.634Z,"5km ENE of Tuzi, Montenegro",earthquake
2015-07-06T21:34:05.500Z,36.1441,21.3763,42.56,4.5,mb,,65,1.122,1.39,us,us20002vjj,2015-07-07T05:36:34.316Z,"80km SSW of Methoni, Greece",earthquake
2015-07-06T19:21:06.580Z,-21.1011,-174.3142,10,5.1,mb,,73,7.55,1.49,us,us20002vhw,2015-07-07T03:23:41.251Z,"70km ENE of `Ohonua, Tonga",earthquake
2015-07-06T16:30:53.970Z,20.5582,120.1599,10,4.6,mb,,94,2.405,0.96,us,us10002npf,2015-07-07T00:33:35.644Z,"171km SSW of Hengchun, Taiwan",earthquake
2015-07-06T15:29:08.010Z,27.9403,85.6882,10,4.2,mb,,103,0.4,0.44,us,us20002vji,2015-07-07T13:09:19.264Z,"25km W of Kodari, Nepal",earthquake
2015-07-06T14:17:14.040Z,11.2547,-85.6795,163.39,4.7,mb,,142,0.258,0.8,us,us10002nnc,2015-07-06T22:19:56.235Z,"19km WNW of Cardenas, Nicaragua",earthquake
2015-07-06T13:42:17.010Z,42.4584,19.429,9.8,4.4,mb,,171,0.13,1.23,us,us10002nna,2015-07-07T04:25:36.169Z,"13km E of Podgorica, Montenegro",earthquake
2015-07-06T12:24:08.480Z,-20.7075,-174.5437,44,5.8,mww,,23,4.637,1.17,us,us10002nmx,2015-07-18T08:30:08.634Z,"81km NNE of `Ohonua, Tonga",earthquake
2015-07-06T12:01:59.870Z,46.6382,152.6382,53.58,4.7,mb,,134,6.789,0.82,us,us10002nmw,2015-07-18T08:29:26.438Z,"Kuril Islands",earthquake
2015-07-06T11:17:48.490Z,-7.151,-80.5086,39.36,4.9,mb,,152,6.013,0.75,us,us10002nmu,2015-07-18T08:11:46.325Z,"72km WSW of Pimentel, Peru",earthquake
2015-07-06T09:30:25.340Z,36.0337,139.951,47.01,4.4,mb,,123,0.276,1.09,us,us10002nmk,2015-07-07T12:50:35.871Z,"3km WNW of Mitsukaido, Japan",earthquake
2015-07-06T08:23:29.220Z,-13.8461,-71.7206,52.92,4.9,mb,,111,4.233,0.87,us,us10002nmg,2015-07-06T14:48:15.171Z,"20km SSW of Urcos, Peru",earthquake
2015-07-06T07:45:54.290Z,49.2592,155.9735,35,4.4,mb,,138,4.004,0.77,us,us10002nmd,2015-07-06T15:48:37.990Z,"158km S of Severo-Kuril'sk, Russia",earthquake
2015-07-06T07:37:06.950Z,46.7817,155.2262,28.66,4.7,mb,,170,6.53,0.68,us,us10002nmc,2015-07-06T15:40:09.107Z,"East of the Kuril Islands",earthquake
2015-07-06T05:45:17.170Z,-44.4081,169.7079,10,4.9,mb,,48,0.342,1.01,us,us10002nls,2015-07-06T13:47:50.879Z,"54km NE of Wanaka, New Zealand",earthquake
2015-07-06T03:05:15.050Z,-20.9278,-69.2358,101.26,4.3,mb,,48,0.261,1.45,us,us10002nld,2015-07-06T11:08:00.098Z,"122km SE of Iquique, Chile",earthquake
2015-07-06T01:31:34.680Z,38.1345,73.9636,200.74,4.1,mb,,83,1.921,0.68,us,us10002nkz,2015-07-06T09:34:14.120Z,"3km S of Murghob, Tajikistan",earthquake
2015-07-06T00:50:33.000Z,62.13,-150.789,70.7,4.8,ml,,,,0.72,ak,ak11641900,2015-07-13T19:38:16.934Z,"40km WSW of Talkeetna, Alaska",earthquake
2015-07-06T00:49:57.000Z,62.1317,-150.802,71.9,4.2,ml,,,,0.49,ak,ak11641890,2015-07-13T19:34:26.169Z,"40km WSW of Talkeetna, Alaska",earthquake
2015-07-05T23:29:08.750Z,36.5012,70.6298,215.19,4.3,mb,,104,0.624,0.94,us,us10002nkl,2015-07-12T04:26:34.678Z,"44km SSW of Jarm, Afghanistan",earthquake
2015-07-05T20:43:05.170Z,-35.8247,-179.6365,75.77,4.8,mb,,193,2.395,1.39,us,us10002nk3,2015-07-06T04:45:47.051Z,"East of the North Island of New Zealand",earthquake
2015-07-05T19:26:01.000Z,70.2502,-143.9764,20.6,4.2,ml,,,,1.14,ak,ak11641880,2015-07-08T17:48:20.503Z,"20km NNW of Kaktovik, Alaska",earthquake
2015-07-05T18:56:47.380Z,51.526,-173.969,42.4,4.2,mb,,182,0.691,0.93,us,us10002njl,2015-07-08T17:43:39.607Z,"76km SSE of Atka, Alaska",earthquake
2015-07-05T15:12:09.250Z,37.5053,78.1796,10,4.4,mb,,108,5.183,0.67,us,us10002nj5,2015-07-05T23:14:39.984Z,"96km ESE of Yilkiqi, China",earthquake
2015-07-05T14:40:22.000Z,-19.47,-69.557,110,4.4,mwr,,,,0.92,us,us10002nj0,2015-07-05T22:42:49.499Z,"103km NE of Iquique, Chile",earthquake
2015-07-05T14:26:50.330Z,-27.1791,-69.8638,110.74,4.3,mb,,99,0.528,0.78,us,us10002niw,2015-07-05T22:29:28.259Z,"50km ENE of Copiapo, Chile",earthquake
2015-07-05T14:26:48.040Z,45.6957,26.6526,132.9,4.4,mb,,29,0.16,0.76,us,us10002nj3,2015-07-05T22:29:33.072Z,"5km WSW of Nereju, Romania",earthquake
2015-07-05T14:06:26.670Z,34.974,139.9289,114.52,4.4,mb,,78,1.272,0.58,us,us10002niu,2015-07-06T12:09:01.308Z,"5km E of Tateyama, Japan",earthquake
2015-07-05T13:12:40.590Z,17.8628,120.6612,4.46,4.8,mb,,103,4.945,0.76,us,us10002nij,2015-07-05T21:15:23.834Z,"5km S of Nueva Era, Philippines",earthquake
2015-07-05T12:56:49.410Z,17.9663,120.6825,25,5.2,mww,,44,4.841,0.84,us,us10002nih,2015-07-18T09:14:43.698Z,"3km ESE of Espiritu, Philippines",earthquake
2015-07-05T10:41:55.000Z,38.7755,142.1387,35.14,4.7,mb,,121,1.394,0.92,us,us10002ni7,2015-07-17T12:45:20.996Z,"49km SE of Ofunato, Japan",earthquake
2015-07-05T08:54:21.980Z,6.817,-73.0128,153.62,4.5,mb,,60,0.92,1.09,us,us10002ni1,2015-07-05T17:05:13.748Z,"13km N of Aratoca, Colombia",earthquake
2015-07-05T07:34:44.200Z,-8.292,113.9669,166.01,4.4,mb,,50,0.254,0.69,us,us10002nhz,2015-07-05T15:37:20.118Z,"1km WSW of Kalibaru Kulon, Indonesia",earthquake
2015-07-05T05:07:49.410Z,-22.3612,171.6928,118.72,5.3,mb,,32,3.511,1.04,us,us10002nhk,2015-07-05T13:10:16.934Z,"37km W of Ile Hunter, New Caledonia",earthquake
2015-07-05T01:48:29.080Z,-7.8955,128.8289,31,4.6,mb,,72,2.448,1.14,us,us10002nh4,2015-07-07T23:30:50.202Z,"274km W of Saumlaki, Indonesia",earthquake
2015-07-05T01:36:08.420Z,3.2878,125.9569,75.45,4.7,mb,,109,2.868,0.77,us,us10002nh3,2015-07-07T23:08:15.119Z,"221km NNE of Bitung, Indonesia",earthquake
2015-07-04T23:35:53.410Z,51.4766,-173.9097,26.5,5.2,mb,,136,0.747,1.22,us,us10002ngp,2015-07-13T19:58:01.128Z,"82km SSE of Atka, Alaska",earthquake
2015-07-04T17:28:23.450Z,-32.112,-177.9351,10,5.2,mb,,75,2.857,1.27,us,us10002nf3,2015-07-05T01:30:57.664Z,"118km SE of L'Esperance Rock, New Zealand",earthquake
2015-07-04T16:08:32.750Z,-35.385,-179.4004,33.33,4.9,mb,,187,2.852,0.77,us,us10002nen,2015-07-05T00:11:09.953Z,"East of the North Island of New Zealand",earthquake
2015-07-04T16:00:03.950Z,37.8473333,-112.4656667,3.35,4.06,mw,19,62,0.295,0.29,uu,uu60116197,2015-07-06T23:03:37.396Z,"2km S of Panguitch, Utah",earthquake
2015-07-04T15:42:18.100Z,44.0816667,-122.837,9.889,4.21,ml,28,41,0.12,0.23,uw,uw61037147,2015-07-16T18:13:57.406Z,"14km ENE of Springfield, Oregon",earthquake
2015-07-04T13:05:17.410Z,-12.5618,166.9971,193.31,4.4,mb,,68,8.172,0.68,us,us10002ned,2015-07-05T13:21:25.188Z,"158km NNW of Sola, Vanuatu",earthquake
2015-07-04T11:29:26.010Z,-3.0833,-79.5899,78.92,4.4,mb,,102,3.489,0.75,us,us10002ne2,2015-07-17T08:18:30.480Z,"31km SE of Balao, Ecuador",earthquake
2015-07-04T09:56:39.860Z,52.9644,172.3332,17.59,5,mb,,107,1.098,0.89,us,us10002ndv,2015-07-15T01:11:26.174Z,"58km WNW of Attu Station, Alaska",earthquake
2015-07-04T09:07:31.230Z,20.2933,120.2672,10,4.4,mb,,116,2.623,0.55,us,us10002ndq,2015-07-04T17:10:09.292Z,"167km W of Sabtang, Philippines",earthquake
2015-07-04T07:42:26.910Z,76.9924,15.6506,10,4.5,mb,,92,2.085,0.62,us,us10002ndk,2015-07-04T15:44:56.990Z,"136km S of Longyearbyen, Svalbard and Jan Mayen",earthquake
2015-07-04T04:23:51.750Z,38.8889,141.7218,10,4.8,mb,,167,1.254,1.57,us,us10002nd9,2015-07-04T12:26:32.001Z,"20km S of Ofunato, Japan",earthquake
2015-07-04T04:00:05.230Z,11.9398,-86.6013,84.74,4.5,mb,,134,0.407,0.76,us,us10002nd7,2015-07-04T20:34:42.951Z,"11km WSW of Carlos Fonseca Amador, Nicaragua",earthquake
2015-07-04T01:33:45.790Z,-4.6121,153.6166,94.63,4.5,mb,,125,1.507,0.7,us,us10002ncw,2015-07-04T09:36:28.256Z,"66km ESE of Taron, Papua New Guinea",earthquake
2015-07-04T00:44:37.690Z,14.4013,56.2778,10,4.7,mb,,103,2.909,0.82,us,us10002ncq,2015-07-13T02:45:43.999Z,"Owen Fracture Zone region",earthquake
2015-07-04T00:43:18.340Z,-16.0217,166.9693,30.08,4.4,mb,,203,4.736,0.91,us,us10002nge,2015-07-13T02:49:45.895Z,"44km W of Norsup, Vanuatu",earthquake
2015-07-04T00:36:38.580Z,37.6589,78.0066,10,4.3,mb,,162,4.068,0.97,us,us10002ncm,2015-07-14T04:16:10.458Z,"74km ESE of Yilkiqi, China",earthquake
2015-07-03T23:35:20.870Z,16.2928,-98.9404,10,4.3,mb,,209,1.312,1.04,us,us10002ncc,2015-07-14T05:06:16.424Z,"32km SW of Tecoanapa, Mexico",earthquake
2015-07-03T23:21:52.680Z,-27.3654,-176.3504,35,4.6,mb,,106,2.333,0.66,us,us10002nci,2015-07-14T05:17:31.115Z,"259km NE of Raoul Island, New Zealand",earthquake
2015-07-03T23:11:30.440Z,16.8596,145.7627,150.19,4.9,mb,,50,0.517,0.87,us,us10002nc9,2015-07-13T02:59:06.952Z,"56km N of Anatahan, Northern Mariana Islands",earthquake
2015-07-03T23:06:47.710Z,-16.572,-73.2231,58.94,4,mb,,147,3.28,0.86,us,us10002nc4,2015-07-14T02:43:16.618Z,"54km W of Camana, Peru",earthquake
2015-07-03T21:20:25.950Z,36.4531,70.8816,110.13,4,mb,,113,0.714,1.11,us,us10002nbv,2015-07-14T04:38:01.815Z,"45km S of Jarm, Afghanistan",earthquake
2015-07-03T20:04:08.180Z,27.7076,84.9253,10,4.5,mb,,93,0.346,1.11,us,us10002nbj,2015-07-06T15:52:53.274Z,"32km NNW of Hitura, Nepal",earthquake
2015-07-03T15:54:13.550Z,-10.3085,151.9989,34.99,4.9,mb,,59,4.852,0.94,us,us10002nas,2015-07-03T23:56:41.913Z,"149km ENE of Samarai, Papua New Guinea",earthquake
2015-07-03T15:36:01.290Z,-50.0847,-7.7065,10,4.9,mb,,96,21.775,0.81,us,us10002naq,2015-07-03T23:38:35.497Z,"Southern Mid-Atlantic Ridge",earthquake
2015-07-03T08:38:33.220Z,1.2078,127.2178,113.68,4.7,mb,,103,0.457,0.68,us,us10002n7d,2015-07-03T16:41:01.748Z,"49km NNW of Kota Ternate, Indonesia",earthquake
2015-07-03T06:43:22.040Z,10.1707,125.8986,33.01,6.1,mwb,,19,3.097,1.31,us,us10002n6s,2015-07-17T16:06:40.000Z,"22km NW of Santa Monica, Philippines",earthquake
2015-07-03T04:18:25.600Z,53.0689,-171.6106,123.86,4.2,mb,,150,1.667,1.16,us,us10002n6b,2015-07-15T00:38:11.657Z,"68km NNW of Amukta Island, Alaska",earthquake
2015-07-03T03:16:35.820Z,11.438,94.9979,10,5.8,mwp,,43,2.219,0.78,us,us10002n5q,2015-07-17T16:06:39.000Z,"246km E of Port Blair, India",earthquake
2015-07-03T03:11:12.650Z,37.4144,78.2566,10,4.8,mb,,77,4.777,0.93,us,us10002n5n,2015-07-03T11:13:39.549Z,"107km SE of Yilkiqi, China",earthquake
2015-07-03T02:37:26.270Z,37.6287,78.0265,10,4.6,mb,,204,4.538,1.21,us,us10002n5j,2015-07-03T10:40:06.953Z,"77km ESE of Yilkiqi, China",earthquake
2015-07-03T02:20:31.920Z,11.3902,94.927,10,4.8,mb,,63,2.155,0.75,us,us10002n5i,2015-07-03T10:23:13.444Z,"239km E of Port Blair, India",earthquake
2015-07-03T02:12:48.500Z,0.4312,-27.4341,10,4.5,mb,,151,10.493,1.27,us,us10002n5g,2015-07-03T10:15:32.555Z,"Central Mid-Atlantic Ridge",earthquake
2015-07-03T01:44:45.040Z,37.5244,78.0171,10,4.7,mb,,95,4.64,1.21,us,us10002n5c,2015-07-03T09:47:24.921Z,"83km SE of Yilkiqi, China",earthquake
2015-07-03T01:31:24.380Z,37.4807,77.8367,10,4.4,mb,,95,4.667,1.42,us,us10002n58,2015-07-03T09:33:58.316Z,"74km SE of Yilkiqi, China",earthquake
2015-07-03T01:07:47.460Z,37.4604,78.1251,20,6.4,mww,,22,4.715,1.15,us,us10002n4w,2015-07-17T16:06:37.000Z,"95km SE of Yilkiqi, China",earthquake
2015-07-03T00:39:29.710Z,54.075,-162.851,25.6,4.4,mb,,,,0.9,us,us10002n4t,2015-07-14T04:57:54.142Z,"93km SSE of False Pass, Alaska",earthquake
2015-07-03T00:37:45.350Z,13.1543,93.2895,50.79,4.8,mb,,64,1.582,0.56,us,us10002n4u,2015-07-13T03:05:20.191Z,"172km NNE of Bamboo Flat, India",earthquake
2015-07-02T23:51:32.260Z,-41.3483,86.8343,10,4.6,mb,,169,25.551,0.5,us,us20002xyp,2015-07-20T00:06:15.662Z,"Southeast Indian Ridge",earthquake
2015-07-02T22:31:28.180Z,-22.998,-14.0769,10,4.8,mb,,65,27.098,0.63,us,us10002n4f,2015-07-13T04:43:04.719Z,"Southern Mid-Atlantic Ridge",earthquake
2015-07-02T21:21:55.440Z,-19.5322,-172.8792,10,4.7,mb,,102,2.824,1.18,us,us20002xyq,2015-07-20T00:21:34.479Z,"151km SE of Neiafu, Tonga",earthquake
2015-07-02T19:22:44.570Z,-32.2014,-177.9748,35,5,mb,,69,2.947,0.91,us,us10002n2x,2015-07-03T03:25:11.833Z,"122km SE of L'Esperance Rock, New Zealand",earthquake
2015-07-02T19:06:28.220Z,-32.4952,-176.4412,37.72,4.9,mb,,234,3.483,0.97,us,us10002n2l,2015-07-03T03:09:00.277Z,"260km ESE of L'Esperance Rock, New Zealand",earthquake
2015-07-02T18:24:55.000Z,51.5782,-175.811,37.9,4.1,ml,,,,0.53,ak,ak11639972,2015-07-14T23:35:18.662Z,"67km ESE of Adak, Alaska",earthquake
2015-07-02T15:01:10.650Z,-5.9841,147.335,82.79,5.3,mb,,69,3.403,0.7,us,us10002n0i,2015-07-02T21:12:34.405Z,"90km NNE of Lae, Papua New Guinea",earthquake
2015-07-02T13:36:20.770Z,11.8668,142.4645,45,4.6,mb,,137,22.475,0.62,us,us10002n0a,2015-07-02T21:38:58.880Z,"285km WSW of Merizo Village, Guam",earthquake
2015-07-02T07:26:49.470Z,-34.6926,-16.1809,10,5.7,mb,,61,20.877,1,us,us10002mzh,2015-07-17T16:06:36.000Z,"Southern Mid-Atlantic Ridge",earthquake
2015-07-02T07:18:24.270Z,34.4411,73.7036,10,5.4,mb,,62,0.867,1.09,us,us10002mzg,2015-07-02T16:19:42.789Z,"22km ENE of Muzaffarabad, Pakistan",earthquake
2015-07-02T07:04:32.000Z,-7.4327,120.222,413.11,4.9,mb,,57,2.326,0.97,us,us10002mzb,2015-07-02T15:07:02.868Z,"95km NNW of Congkar, Indonesia",earthquake
2015-07-02T07:03:23.790Z,53.1083,173.0287,23.49,4.8,mb,,130,0.752,0.91,us,us10002mzc,2015-07-14T23:34:58.731Z,"31km NNW of Attu Station, Alaska",earthquake
2015-07-02T06:05:46.840Z,38.5198,141.8613,61.57,4.6,mb,,133,1.065,1.01,us,us10002mym,2015-07-02T12:55:55.168Z,"50km ENE of Ishinomaki, Japan",earthquake
2015-07-02T01:56:11.220Z,27.749,85.2992,10,4.2,mb,,120,0.039,0.96,us,us10002mxq,2015-07-02T09:42:31.008Z,"5km NNW of Kathmandu, Nepal",earthquake
2015-07-01T23:20:12.000Z,56.2162,-153.5796,46.1,4.3,ml,,,,0.9,ak,ak11639423,2015-07-08T19:56:15.890Z,"118km S of Larsen Bay, Alaska",earthquake
2015-07-01T19:35:21.050Z,-10.9949,162.5624,8.95,5.8,mwb,,40,3.002,1.04,us,us10002mw0,2015-07-17T16:06:35.000Z,"92km SE of Kirakira, Solomon Islands",earthquake
2015-07-01T18:24:42.070Z,-60.387,-35.3197,13.89,5.3,mb,,63,6.152,1.16,us,us10002mvf,2015-07-02T02:27:20.935Z,"Scotia Sea",earthquake
2015-07-01T16:11:03.650Z,79.9038,3.5796,10,4.2,mb,,145,1.836,1.32,us,us20002xqt,2015-07-17T00:44:10.025Z,"Greenland Sea",earthquake
2015-07-01T16:05:10.020Z,4.7383,123.8459,476.79,4.1,mb,,101,2.887,0.79,us,us20002xqs,2015-07-17T00:27:36.524Z,"161km SSW of Maitum, Philippines",earthquake
2015-07-01T15:51:17.360Z,35.6762,-34.4,10,4.3,mb,,146,7.426,0.81,us,us20002xqr,2015-07-17T00:15:41.194Z,"Azores Islands region",earthquake
2015-07-01T15:34:43.950Z,-31.9635,-177.9226,10,4.7,mb,,136,2.709,0.84,us,us20002xqq,2015-07-16T23:38:17.227Z,"109km ESE of L'Esperance Rock, New Zealand",earthquake
2015-07-01T15:05:20.170Z,-26.1942,-11.5843,10,4.9,mb,,38,27.754,1.01,us,us10002mtk,2015-07-16T05:36:44.009Z,"Southern Mid-Atlantic Ridge",earthquake
2015-07-01T14:30:21.680Z,-52.2149,159.5981,10,5.7,mb,,53,2.32,0.99,us,usd0005u42,2015-07-17T16:06:34.000Z,"256km N of Macquarie Island, Australia",earthquake
2015-07-01T06:54:59.070Z,-13.0201,169.2641,640.98,4.5,mb,,59,7.953,0.82,us,us10002mra,2015-07-01T14:57:35.354Z,"208km ENE of Sola, Vanuatu",earthquake
2015-07-01T05:55:25.020Z,6.8452,-73.0401,137.87,4.6,mb,,59,0.946,1.06,us,us10002mr1,2015-07-01T06:29:54.605Z,"15km S of Piedecuesta, Colombia",earthquake
2015-07-01T03:16:50.580Z,44.0031,148.7023,47.4,4.5,mb,,168,4.404,1.4,us,us10002mqg,2015-07-01T11:19:28.696Z,"151km SSE of Kuril'sk, Russia",earthquake
2015-07-01T02:42:40.790Z,27.2728,91.2869,35.46,4.5,mb,,133,1.774,0.76,us,us20002xqe,2015-07-16T23:06:12.800Z,"4km E of Mongar, Bhutan",earthquake
2015-07-01T02:41:30.270Z,21.6562,143.0823,294.23,4.4,mb,,35,5.476,0.8,us,us10002mq0,2015-07-16T05:31:21.631Z,"225km NW of Farallon de Pajaros, Northern Mariana Islands",earthquake
2015-07-01T02:34:24.110Z,-2.8937,147.5656,10,4.4,mb,,87,0.868,0.97,us,us20002xqa,2015-07-16T22:54:09.511Z,"101km SSE of Lorengau, Papua New Guinea",earthquake
2015-07-01T02:25:42.560Z,63.8386,-23.0179,10,4.5,mb,,65,1.173,0.87,us,us10002mpu,2015-07-16T05:23:56.790Z,"26km SW of Sandgerdi, Iceland",earthquake
2015-07-01T02:23:58.810Z,63.9994,-23.2388,10,4.4,mb,,143,1.12,0.95,us,us10002mq6,2015-07-16T05:15:50.600Z,"26km W of Sandgerdi, Iceland",earthquake
2015-07-01T02:16:06.520Z,-59.6234,-26.1395,10,4.5,mb,,76,15.277,0.85,us,us20002xq9,2015-07-16T22:17:08.649Z,"69km SSE of Bristol Island, South Sandwich Islands",earthquake
2015-07-01T01:36:27.750Z,-7.3545,129.1739,130.72,4.1,mb,,84,2.196,0.94,us,us20002xq8,2015-07-16T22:04:04.376Z,"245km WNW of Saumlaki, Indonesia",earthquake
2015-07-01T00:44:50.240Z,-23.9452,-66.8123,205.99,4,mb,,54,2.341,1.11,us,us10002mpq,2015-07-16T05:02:02.567Z,"58km WNW of San Antonio de los Cobres, Argentina",earthquake
2015-06-30T23:07:51.860Z,-15.0364,-73.3756,74.3,4,mb,,96,4.533,0.7,us,us20002xmw,2015-07-16T04:40:35.521Z,"43km E of Coracora, Peru",earthquake
2015-06-30T22:14:34.510Z,-21.2153,169.8895,35,4.8,mb,,113,2.513,0.8,us,us10002mnw,2015-07-01T06:17:03.128Z,"195km SSE of Isangel, Vanuatu",earthquake
2015-06-30T12:19:16.430Z,-32.3474,-177.8171,10,5.2,mb,,57,3.094,0.8,us,us10002mjx,2015-06-30T20:21:54.124Z,"144km SE of L'Esperance Rock, New Zealand",earthquake
2015-06-30T11:57:37.070Z,-6.2801,154.466,35,4.8,mb,,64,3.092,0.69,us,us10002mjt,2015-06-30T20:00:13.138Z,"112km W of Panguna, Papua New Guinea",earthquake
2015-06-30T11:05:03.000Z,-9.7111,165.7258,10,4.8,mb,,239,5.705,0.69,us,us10002mjf,2015-06-30T19:07:43.173Z,"111km N of Lata, Solomon Islands",earthquake
2015-06-30T10:46:55.770Z,-21.5384,-174.2926,10,5.3,mb,,86,8.347,1.44,us,us10002mje,2015-06-30T18:49:36.813Z,"71km ESE of `Ohonua, Tonga",earthquake
2015-06-30T10:34:11.290Z,51.9553,177.1431,66.01,5.2,mb,,118,1.462,0.9,us,us10002mj9,2015-07-14T23:04:36.622Z,"35km WSW of Kiska Volcano, Alaska",earthquake
2015-06-30T08:52:27.980Z,-20.2806,-177.3362,526.48,4.3,mb,,99,5.038,0.42,us,us20002xm7,2015-07-17T08:01:32.749Z,"148km ENE of Ndoi Island, Fiji",earthquake
2015-06-30T08:47:30.930Z,26.0645,142.6027,35.9,4.8,mb,,99,1.093,0.48,us,us10002miw,2015-07-14T09:49:48.704Z,"119km SSE of Chichi-shima, Japan",earthquake
2015-06-30T08:43:15.030Z,30.7896,142.0618,27.74,4.5,mb,,101,3.682,0.69,us,us10002mit,2015-07-13T09:46:31.890Z,"Izu Islands, Japan region",earthquake
2015-06-30T08:07:45.370Z,-5.4074,152.3553,50.45,4.3,mb,,111,1.223,0.48,us,us20002xmh,2015-07-17T07:51:06.310Z,"117km S of Kokopo, Papua New Guinea",earthquake
2015-06-30T08:04:23.390Z,-5.6265,152.5109,12,4.5,mb,,171,1.467,0.65,us,us20002xm6,2015-07-17T07:41:19.875Z,"140km SSW of Taron, Papua New Guinea",earthquake
2015-06-30T07:40:01.320Z,71.0002,-7.6486,10,5.2,mwb,,46,4.762,0.49,us,us10002mig,2015-07-13T08:33:21.389Z,"39km ENE of Olonkinbyen, Svalbard and Jan Mayen",earthquake
2015-06-30T07:05:00.020Z,27.1076,141.324,97.63,4.7,mb,,61,0.767,0.62,us,us10002mif,2015-07-13T07:47:47.730Z,"88km W of Chichi-shima, Japan",earthquake
2015-06-30T06:07:22.970Z,36.795,21.5548,10,4.6,mb,,104,0.484,1.49,us,us10002mi3,2015-06-30T14:10:05.770Z,"13km WSW of Methoni, Greece",earthquake
2015-06-30T03:39:28.950Z,-5.4522,151.6015,35,6,mwb,,22,1.372,1.35,us,us10002mhg,2015-07-17T16:06:32.000Z,"142km SSW of Kokopo, Papua New Guinea",earthquake
2015-06-30T00:44:35.220Z,-35.4084,-179.427,35,4.6,mb,,252,2.82,1.11,us,us10002mgs,2015-06-30T08:47:11.138Z,"East of the North Island of New Zealand",earthquake
2015-06-29T22:47:58.560Z,2.7474,92.037,28.76,4.3,mb,,172,5.483,1.13,us,us10002mg4,2015-07-16T04:27:08.429Z,"Off the west coast of northern Sumatra",earthquake
2015-06-29T22:25:12.890Z,-9.4841,161.4502,36.29,4.4,mb,,243,1.483,0.55,us,us20002xf7,2015-07-16T04:25:01.214Z,"114km SE of Auki, Solomon Islands",earthquake
2015-06-29T22:20:56.000Z,46.0347,27.1698,21.4,4.3,mb,,57,0.17,0.89,us,us10002mfv,2015-07-16T04:05:10.980Z,"4km NNW of Pufesti, Romania",earthquake
2015-06-29T22:07:48.500Z,36.6805,71.3003,191,5.5,mwb,,27,0.731,1.25,us,us10002mft,2015-07-17T16:06:31.000Z,"20km W of Ashkasham, Afghanistan",earthquake
2015-06-29T21:46:23.940Z,27.4724,85.7525,10,4.3,mb,,141,0.455,0.91,us,us10002mfm,2015-07-16T03:38:49.381Z,"26km ESE of Panaoti, Nepal",earthquake
2015-06-29T21:04:05.720Z,-1.5181,26.3784,10,4.1,mb,,96,4.453,0.43,us,us20002xf9,2015-07-16T02:54:48.602Z,"165km NNE of Kindu, Democratic Republic of the Congo",earthquake
2015-06-29T21:00:41.980Z,-2.7532,27.7946,10,4.2,mb,,117,3.636,0.92,us,us20002xfe,2015-07-15T05:53:15.211Z,"118km WSW of Kabare, Democratic Republic of the Congo",earthquake
2015-06-29T17:42:43.590Z,27.8834,85.7279,10,4,mb,,112,0.403,1.04,us,us10002mfa,2015-06-29T21:17:21.142Z,"23km WSW of Kodari, Nepal",earthquake
2015-06-29T14:14:07.930Z,0.3154,123.924,218.59,4.4,mb,,147,1.773,0.93,us,us10002mcg,2015-06-29T22:17:03.796Z,"10km SW of Molibagu, Indonesia",earthquake
2015-06-29T13:55:20.400Z,-17.4755,167.8831,33.91,4.9,mb,,187,3.34,0.94,us,us10002mca,2015-06-29T21:58:03.846Z,"54km WNW of Port-Vila, Vanuatu",earthquake
2015-06-29T13:52:33.620Z,53.5736,163.2931,35.89,4.4,mb,,140,2.84,0.85,us,us10002mcd,2015-06-29T21:55:09.502Z,"251km SW of Nikol'skoye, Russia",earthquake
2015-06-29T11:36:37.490Z,39.1515,21.7512,20.02,4.5,mb,,44,0.473,0.45,us,us10002mbi,2015-07-13T06:05:44.300Z,"14km S of Neochorion, Greece",earthquake
2015-06-29T10:13:01.000Z,57.4714,-154.154,60.2,4.5,ml,175,115.199990784001,,0.88,ak,ak11637738,2015-07-08T22:42:12.093Z,"12km SW of Larsen Bay, Alaska",earthquake
2015-06-29T09:09:15.610Z,-16.0151,-74.2109,23.72,5.5,mb,,92,4.377,1.06,us,us10002mb3,2015-07-17T16:06:30.000Z,"77km SSE of Acari, Peru",earthquake
2015-06-29T06:30:38.560Z,4.6579,127.4573,123.33,4.5,mb,,161,3.038,0.69,us,us10002mae,2015-06-29T14:33:05.938Z,"235km ESE of Sarangani, Philippines",earthquake
2015-06-29T04:46:39.710Z,-24.2999,-67.0755,165.78,4,mb,,39,2.379,1.18,us,us10002ma3,2015-07-15T05:44:47.234Z,"77km W of San Antonio de los Cobres, Argentina",earthquake
2015-06-29T04:15:14.950Z,19.9471,-70.3737,10,4.2,mb,,77,0.615,1.3,us,us10002ma0,2015-07-15T05:40:59.318Z,"22km N of Cabarete, Dominican Republic",earthquake
2015-06-29T03:20:37.680Z,-60.8212,-33.6987,15.19,4.3,mb,,113,6.724,1.3,us,us20002xen,2015-07-15T00:30:45.986Z,"Scotia Sea",earthquake
2015-06-29T02:58:21.590Z,53.6935,160.3485,85.55,4.2,mb,,115,1.219,0.76,us,us20002xer,2015-07-14T23:27:47.585Z,"134km ENE of Petropavlovsk-Kamchatskiy, Russia",earthquake
2015-06-29T01:51:50.260Z,-19.5458,-177.5346,553.38,4.5,mb,,93,4.551,0.77,us,us10002m9g,2015-07-14T23:03:01.088Z,"172km NE of Ndoi Island, Fiji",earthquake
2015-06-29T01:22:16.660Z,-17.347,-174.2734,103.77,4.4,mb,,71,4.179,0.94,us,us20002xem,2015-07-14T22:49:19.083Z,"147km NNW of Neiafu, Tonga",earthquake
2015-06-28T23:57:15.530Z,28.0316,86.056,10,4.7,mb,,94,0.728,1.26,us,us10002m90,2015-06-29T23:19:53.207Z,"8km NE of Zham, China",earthquake
2015-06-28T23:32:07.470Z,-32.5172,-177.5379,35,4.2,mb,,156,7.203,0.25,us,us20002x7q,2015-07-14T01:09:32.280Z,"176km SE of L'Esperance Rock, New Zealand",earthquake
2015-06-28T23:03:24.160Z,38.7579,120.8641,14.39,4.3,mb,,108,3.85,0.69,us,us20002x7p,2015-07-14T01:02:22.689Z,"35km W of Lushun, China",earthquake
2015-06-28T15:54:42.410Z,16.7122,-94.5585,91.65,5.4,mwb,,65,2.362,0.74,us,us10002m7u,2015-06-29T18:28:12.419Z,"17km NNE of Niltepec, Mexico",earthquake
2015-06-28T15:21:51.110Z,39.2593,72.3655,10,4.4,mb,,78,0.489,1.02,us,us10002m7q,2015-06-28T23:25:15.493Z,"72km E of Karakenja, Tajikistan",earthquake
2015-06-28T15:21:12.570Z,82.6319,118.9978,10,4.4,mb,,111,15.081,0.66,us,us10002m7r,2015-06-28T23:23:40.742Z,"North of Severnaya Zemlya",earthquake
2015-06-28T14:44:19.200Z,-18.158,-178.4198,623.29,4.4,mb,,86,3.382,0.91,us,us10002m7j,2015-06-28T22:47:01.936Z,"277km N of Ndoi Island, Fiji",earthquake
2015-06-28T14:03:04.390Z,42.7406,139.0395,218.8,4.1,mb,,45,1.774,0.7,us,us10002m7e,2015-06-28T22:05:48.650Z,"122km WSW of Iwanai, Japan",earthquake
2015-06-28T12:53:42.130Z,-32.2259,-177.6195,10,5.1,mb,,132,2.983,0.55,us,us10002m7a,2015-07-12T10:28:23.705Z,"149km SE of L'Esperance Rock, New Zealand",earthquake
2015-06-28T12:17:03.820Z,-16.2862,-176.1375,38.35,4.6,mb,,142,5.744,0.34,us,us20002x79,2015-07-14T12:12:55.308Z,"258km W of Hihifo, Tonga",earthquake
2015-06-28T11:57:52.720Z,-19.6964,-177.9283,445.08,4,mb,,168,29.486,0.3,us,us20002x77,2015-07-14T10:50:05.017Z,"132km NE of Ndoi Island, Fiji",earthquake
2015-06-28T11:37:41.010Z,-8.3798,116.006,10,4.4,mb,,120,1.836,0.38,us,us10002m94,2015-07-12T09:01:04.751Z,"10km WNW of Karangsubagan, Indonesia",earthquake
2015-06-28T10:16:56.170Z,-15.8184,-74.5741,29.7,4.1,mb,,154,4.399,0.61,us,us10002m6z,2015-07-12T08:33:56.701Z,"43km S of Acari, Peru",earthquake
2015-06-28T10:04:38.560Z,43.9719,-128.0426,16.31,4.2,mb,,191,3.457,0.73,us,us20002x7t,2015-07-14T10:37:03.993Z,"Off the coast of Oregon",earthquake
2015-06-28T08:10:10.480Z,19.335,-155.2093333,8.55,5.2,ml,63,74,0.03902,0.09,hv,hv60968241,2015-07-08T18:06:44.141Z,"13km S of Volcano, Hawaii",earthquake
2015-06-28T04:27:27.220Z,-35.1994,179.7509,53.85,4.5,mb,,100,2.63,1.27,us,us20002x70,2015-07-19T04:46:38.631Z,"Off the east coast of the North Island of New Zealand",earthquake
2015-06-28T03:19:47.000Z,-24.276,-67.157,191,4.2,mb,,,,0.92,us,us10002m6e,2015-07-19T04:20:54.666Z,"85km W of San Antonio de los Cobres, Argentina",earthquake
2015-06-28T01:43:06.550Z,-8.2483,123.8893,180.81,4.1,mb,,116,1.543,0.45,us,us20002x6x,2015-07-19T04:05:44.839Z,"132km ENE of Duang, Indonesia",earthquake
2015-06-28T01:16:42.670Z,-29.8958,-179.1176,324.53,4,mb,,125,1.221,0.62,us,us20002x6w,2015-07-19T02:27:44.299Z,"137km WSW of Raoul Island, New Zealand",earthquake
2015-06-28T01:05:28.590Z,26.6419,90.4076,26,5.1,mwb,,36,1.685,0.99,us,us10002m67,2015-07-19T00:20:50.737Z,"19km N of Basugaon, India",earthquake
2015-06-27T23:48:43.660Z,-17.9254,65.3615,10,4.9,mb,,48,12.528,0.52,us,us10002m5u,2015-07-19T04:37:59.907Z,"282km NE of Port Mathurin, Mauritius",earthquake
2015-06-27T23:37:43.500Z,29.4158,138.512,481.63,4.2,mb,,108,3.852,1.05,us,us20002wtc,2015-07-19T04:25:11.203Z,"Izu Islands, Japan region",earthquake
2015-06-27T23:29:33.210Z,-31.2667,-177.6172,10,4.7,mb,,186,2.033,1.08,us,us10002m5n,2015-06-28T07:32:13.747Z,"123km E of L'Esperance Rock, New Zealand",earthquake
2015-06-27T22:54:07.020Z,-9.5378,125.1487,45.36,4.2,mb,,72,0.895,1.5,us,us20002wtb,2015-07-19T04:10:39.068Z,"55km SSE of Atambua, Indonesia",earthquake
2015-06-27T22:42:12.590Z,-6.0279,147.2376,56.21,4.5,mb,,53,3.355,0.69,us,us10002m5c,2015-07-19T03:29:32.454Z,"81km NNE of Lae, Papua New Guinea",earthquake
2015-06-27T21:53:54.840Z,3.7613,122.3538,597.14,4.4,mb,,76,3.065,0.65,us,us10002m54,2015-07-19T02:56:17.937Z,"252km SE of Latung, Philippines",earthquake
2015-06-27T21:30:08.330Z,-5.4487,152.243,35,4.9,mb,,48,1.251,0.8,us,us10002m4v,2015-07-18T22:24:46.140Z,"121km S of Kokopo, Papua New Guinea",earthquake
2015-06-27T21:00:54.280Z,-6.7152,102.6299,10,4.3,mb,,133,4.788,0.8,us,us20002wt8,2015-07-18T23:11:32.088Z,"217km SW of Biha, Indonesia",earthquake
2015-06-27T19:03:46.850Z,-23.6853,-177.3907,186.03,4.5,mb,,118,7.287,0.84,us,us10002m40,2015-07-18T21:30:20.546Z,"South of the Fiji Islands",earthquake
2015-06-27T18:37:20.210Z,36.5189,71.1522,82.7,4.3,mb,,110,0.761,1.2,us,us10002m3w,2015-06-28T02:39:55.921Z,"38km WSW of Ashkasham, Afghanistan",earthquake
2015-06-27T16:21:16.430Z,-5.2784,153.0494,46.82,5,mb,,140,1.395,0.83,us,us10002m3p,2015-06-28T00:23:59.918Z,"89km S of Taron, Papua New Guinea",earthquake
2015-06-27T15:35:06.450Z,-25.1049,-179.0778,405.03,4.7,mb,,79,4.248,1.01,us,us10002m3g,2015-06-27T23:37:35.913Z,"South of the Fiji Islands",earthquake
2015-06-27T15:34:04.010Z,29.0447,34.6826,22,5.5,mwb,,57,2.377,0.83,us,us10002m3f,2015-07-17T20:09:18.573Z,"1km E of Nuwaybi`a, Egypt",earthquake
2015-06-27T15:16:01.600Z,13.9043,-90.2291,105.72,4.7,mb,,106,0.975,1.23,us,us10002m37,2015-07-17T20:09:20.848Z,"8km SSW of Pasaco, Guatemala",earthquake
2015-06-27T15:00:14.470Z,-5.3134,153.2882,30.21,4.7,mb,,150,1.58,0.77,us,us10002m33,2015-06-27T23:02:52.035Z,"97km SSE of Taron, Papua New Guinea",earthquake
2015-06-27T14:42:25.690Z,-18.6068,-177.7935,550.31,4.2,mb,,167,4.04,0.48,us,us20002wt5,2015-07-20T14:27:44.937Z,"245km NNE of Ndoi Island, Fiji",earthquake
2015-06-27T12:33:36.080Z,-0.1012,123.177,87.64,4.3,mb,,84,1.018,0.89,us,us20002wt2,2015-07-12T07:02:51.801Z,"53km S of Bilungala, Indonesia",earthquake
2015-06-27T12:24:03.330Z,-5.2891,153.2165,35,5.1,mb,,22,1.513,1.02,us,us10002m2r,2015-07-12T06:41:38.577Z,"93km SSE of Taron, Papua New Guinea",earthquake
2015-06-27T11:52:42.190Z,52.0899,-170.5703,38.68,4.6,mb,,137,1.37,0.87,us,us10002m2p,2015-07-13T21:32:17.536Z,"60km S of Yunaska Island, Alaska",earthquake
2015-06-27T07:28:53.960Z,-48.9908,121.4286,10,5.1,mb,,83,16.354,1.06,us,us10002m1x,2015-07-17T16:06:26.000Z,"Western Indian-Antarctic Ridge",earthquake
2015-06-27T04:05:36.330Z,36.1931,70.576,121.8,4.1,mb,,88,0.93,0.71,us,us10002m1l,2015-07-18T22:29:37.327Z,"25km NW of `Alaqahdari-ye Kiran wa Munjan, Afghanistan",earthquake
2015-06-27T02:51:23.740Z,-52.4812,-4.6995,10,5,mb,,72,18.967,1.01,us,us10002m1h,2015-07-18T01:57:32.186Z,"Southern Mid-Atlantic Ridge",earthquake
2015-06-27T02:27:52.970Z,-29.709,-178.328,116.72,4.4,mb,,142,0.578,0.65,us,us20002wst,2015-07-18T00:09:45.304Z,"64km SW of Raoul Island, New Zealand",earthquake
2015-06-27T01:41:59.800Z,-52.2345,-4.7448,10,4.7,mb,,74,19.526,0.99,us,us10002m1g,2015-07-17T23:18:45.840Z,"Southern Mid-Atlantic Ridge",earthquake
2015-06-27T01:35:42.320Z,53.5403,-163.7189,14.8,5,mb,,82,1.064,0.82,us,us10002m1f,2015-07-17T23:34:37.431Z,"147km S of False Pass, Alaska",earthquake
2015-06-27T00:02:30.420Z,-17.6167,-174.6113,137.48,4.5,mb,,77,4.586,1.03,us,us20002wss,2015-07-12T02:43:17.088Z,"132km NNW of Neiafu, Tonga",earthquake
2015-06-26T23:32:35.550Z,-28.3445,-68.902,63.83,4,mwr,,51,1.396,1.44,us,us10002m17,2015-06-28T03:24:30.384Z,"82km NW of Vinchina, Argentina",earthquake
2015-06-26T23:03:11.280Z,-5.7852,128.8151,298.52,4,mb,,158,3.293,0.38,us,us20002wl9,2015-07-12T03:05:17.765Z,"239km SSE of Amahusu, Indonesia",earthquake
2015-06-26T21:54:03.750Z,26.1883,125.429,35.48,4.6,mb,,77,2.628,0.68,us,us20002wl8,2015-07-12T01:41:11.327Z,"154km N of Hirara, Japan",earthquake
2015-06-26T20:39:23.780Z,28.3191,129.415,41.32,4.6,mb,,133,1.791,1.49,us,us10002m0v,2015-06-27T04:41:56.717Z,"8km SW of Naze, Japan",earthquake
2015-06-26T18:30:09.210Z,44.0276,146.9279,74.6,4.9,mb,,134,3.125,1.25,us,us10002lzp,2015-06-27T02:32:53.832Z,"30km NNE of Shikotan, Russia",earthquake
2015-06-26T17:41:59.240Z,36.4702,69.3009,29.5,4.8,mb,,66,1.214,1.16,us,us10002lzb,2015-06-27T01:44:33.290Z,"28km SE of Khanabad, Afghanistan",earthquake
2015-06-26T16:34:24.760Z,-17.6478,-178.5467,557.47,4.3,mb,,140,3.243,0.92,us,us20002wl7,2015-07-20T14:07:26.084Z,"259km ESE of Lambasa, Fiji",earthquake
2015-06-26T16:16:38.460Z,25.0385,123.4229,106.77,4.6,mb,,95,0.68,1.19,us,us10002lwv,2015-07-20T13:52:18.368Z,"76km NE of Yonakuni, Japan",earthquake
2015-06-26T14:07:34.020Z,35.2672,141.4736,35,4.6,mb,,135,1.419,1.27,us,us10002lvr,2015-07-20T14:00:30.354Z,"77km SE of Hasaki, Japan",earthquake
2015-06-26T14:05:37.160Z,28.2013,106.0739,15.13,4.6,mb,,119,3.634,0.73,us,us20002wky,2015-07-19T17:17:11.111Z,"7km NNE of Taiping, China",earthquake
2015-06-26T10:38:01.940Z,41.4779,142.1079,54.96,4.5,mwr,,133,0.951,1.1,us,us10002lup,2015-06-26T18:08:23.040Z,"77km ENE of Mutsu, Japan",earthquake
2015-06-26T09:26:08.390Z,12.8037,-88.6054,35,4.4,mb,,166,1.068,1.37,us,us10002lua,2015-06-26T17:28:39.691Z,"53km S of Puerto El Triunfo, El Salvador",earthquake
2015-06-26T08:50:10.970Z,0.6318,121.7047,103.68,4.8,mb,,60,1.038,1.02,us,us10002ltz,2015-06-26T16:53:49.717Z,"17km NE of Lemito, Indonesia",earthquake
2015-06-26T07:17:43.440Z,-32.126,-178.0244,10,4.8,mb,,129,2.872,0.69,us,us10002lte,2015-06-26T15:20:17.807Z,"113km SE of L'Esperance Rock, New Zealand",earthquake
2015-06-26T05:16:02.900Z,28.58,52.164,20,4,mb,,,,0.84,us,us20002wkp,2015-07-18T10:28:24.451Z,"49km SW of Firuzabad, Iran",earthquake
2015-06-26T04:39:49.000Z,57.7675,-154.0552,28.2,4.8,mb,,,,0.76,ak,ak11634670,2015-07-15T21:40:28.952Z,"30km NNW of Larsen Bay, Alaska",earthquake
2015-06-26T04:37:43.810Z,-10.6372,152.372,29.75,4.1,mb,,156,5.277,1.33,us,us20002wkm,2015-07-15T22:27:45.040Z,"179km SSW of Kulumadau, Papua New Guinea",earthquake
2015-06-26T04:14:25.900Z,17.8671,146.6008,90.77,4.2,mb,,145,1.739,0.57,us,us20002wkc,2015-07-16T05:26:39.294Z,"91km ESE of Pagan, Northern Mariana Islands",earthquake
2015-06-26T03:02:05.920Z,11.0581,-62.4199,115.53,4.2,mb,,69,1.305,0.94,us,us10002lrh,2015-07-15T23:46:47.719Z,"54km NNW of Gueiria, Venezuela",earthquake
2015-06-26T02:55:55.750Z,4.2583,125.7525,157.88,4.7,mb,,60,2.798,1.06,us,us10002lre,2015-07-15T23:41:32.943Z,"130km SSE of Sarangani, Philippines",earthquake
2015-06-26T02:51:56.380Z,-32.1948,-178.2889,10,4.8,mb,,64,2.956,0.89,us,us10002lrf,2015-07-15T23:35:57.979Z,"102km SE of L'Esperance Rock, New Zealand",earthquake
2015-06-26T01:15:01.470Z,10.838,-61.9668,10,4.2,mb,,91,1.322,0.85,us,us20002wk7,2015-07-15T23:27:02.862Z,"46km NE of Gueiria, Venezuela",earthquake
2015-06-26T00:22:42.520Z,-5.1858,152.8725,11.9,4.5,mb,,147,1.214,1.05,us,us20002wk5,2015-07-12T01:10:55.401Z,"81km SSW of Taron, Papua New Guinea",earthquake
2015-06-26T00:00:17.200Z,-30.5603,-179.4877,318.8,4,mb,,134,1.884,1.15,us,us20002wk6,2015-07-12T01:23:12.454Z,"111km NNW of L'Esperance Rock, New Zealand",earthquake
2015-06-25T23:34:15.560Z,-32.3591,-177.898,10,4.4,mb,,176,7.633,0.35,us,us20002wca,2015-07-12T00:40:01.484Z,"139km SE of L'Esperance Rock, New Zealand",earthquake
2015-06-25T23:21:34.320Z,-25.2792,-179.6938,495.4,4.3,mb,,101,4.251,1.07,us,us20002wcd,2015-07-12T01:01:07.532Z,"South of the Fiji Islands",earthquake
2015-06-25T22:57:15.230Z,-32.1261,-177.9392,10,5,mb,,121,2.871,0.79,us,us10002lq2,2015-06-28T04:12:52.729Z,"119km SE of L'Esperance Rock, New Zealand",earthquake
2015-06-25T22:30:35.500Z,-34.1308,179.1362,192.88,4.2,mb,,170,12.36,0.49,us,us20002wc7,2015-07-11T23:47:45.043Z,"South of the Kermadec Islands",earthquake
2015-06-25T22:25:58.750Z,-32.4275,-177.0536,10,4.5,mb,,154,7.52,0.54,us,us20002wc8,2015-07-12T00:42:30.776Z,"206km ESE of L'Esperance Rock, New Zealand",earthquake
2015-06-25T21:58:31.940Z,1.9,126.4489,43.03,4.2,mb,,153,1.448,0.61,us,us20002wc5,2015-07-11T23:36:34.639Z,"149km ENE of Bitung, Indonesia",earthquake
2015-06-25T21:36:28.540Z,2.1418,126.7493,49.43,4.7,mb,,90,1.494,0.81,us,us10002lpk,2015-06-28T04:04:49.535Z,"147km WNW of Tobelo, Indonesia",earthquake
2015-06-25T19:18:05.940Z,-32.3423,-177.8531,10,5,mb,,134,6.087,1.17,us,us10002lnv,2015-06-26T03:20:32.058Z,"141km SE of L'Esperance Rock, New Zealand",earthquake
2015-06-25T19:14:06.780Z,-32.2328,-178.0767,10,5.1,mb,,104,2.98,0.82,us,us10002lnu,2015-06-26T03:16:43.235Z,"118km SE of L'Esperance Rock, New Zealand",earthquake
2015-06-25T18:45:57.400Z,-32.0811,-178.1362,10,6,mww,,66,2.832,1.02,us,us10002lne,2015-07-17T16:06:25.000Z,"101km SE of L'Esperance Rock, New Zealand",earthquake
2015-06-25T16:20:24.010Z,-16.2642,167.6077,48.56,5.1,mb,,118,4.502,1.23,us,us10002llm,2015-06-26T00:22:56.504Z,"26km SE of Lakatoro, Vanuatu",earthquake
2015-06-25T15:41:20.290Z,-10.4106,152.049,31.44,5.1,mb,,67,4.919,1.33,us,us10002lkf,2015-07-17T16:06:24.000Z,"153km E of Samarai, Papua New Guinea",earthquake
2015-06-25T15:22:19.460Z,27.807,85.2843,10,4,mb,,145,0.098,0.68,us,us10002lnq,2015-06-26T05:26:33.490Z,"12km NNW of Kathmandu, Nepal",earthquake
2015-06-25T15:01:07.880Z,-4.7667,134,29.16,5.2,mb,,85,2.533,1.08,us,us10002lk8,2015-06-25T23:03:39.819Z,"113km NNW of Dobo, Indonesia",earthquake
2015-06-25T13:44:13.050Z,-6.1049,131.1378,64.94,5.4,mb,,67,1.872,1,us,us10002ljm,2015-06-25T21:46:43.046Z,"184km WSW of Tual, Indonesia",earthquake
2015-06-25T12:59:01.760Z,-21.5309,-173.7087,10,5.3,mb,,52,4.308,1.47,us,us10002ljf,2015-06-25T21:01:45.492Z,"130km E of `Ohonua, Tonga",earthquake
2015-06-25T10:31:55.770Z,16.8462,-97.8594,52.73,5,mb,,152,0.982,0.97,us,us10002lj4,2015-06-25T11:02:52.199Z,"15km NE of Santa Maria Zacatepec, Mexico",earthquake
2015-06-25T02:53:13.960Z,8.3227,-82.8661,10,5.1,mb,,116,0.249,1.17,us,us10002lhn,2015-06-25T13:41:45.040Z,"3km SSW of Finca Corredor, Panama",earthquake
2015-06-25T02:45:06.110Z,-37.0922,-74.0119,10.35,4.5,mwr,,169,2.676,0.79,us,us10002lhl,2015-06-25T03:10:36.289Z,"63km WNW of Arauco, Chile",earthquake
2015-06-25T01:21:24.690Z,17.3678,40.5128,10.41,4.6,mb,,100,6.227,0.52,us,us10002lhg,2015-06-25T09:23:58.984Z,"186km WNW of Farasan, Saudi Arabia",earthquake
2015-06-25T00:13:28.360Z,7.9765,-77.8088,10,4.6,mb,,92,2.328,0.93,us,us10002lha,2015-06-25T08:15:59.105Z,"23km SSW of Yaviza, Panama",earthquake
2015-06-24T22:32:21.000Z,61.6644,-151.962,114.2,5.7,ms,,,,0.99,ak,ak11632992,2015-07-18T05:52:59.936Z,"102km W of Willow, Alaska",earthquake
2015-06-24T22:18:22.540Z,-30.3274,-71.4373,55.53,4.5,mb,,162,0.573,0.83,us,us10002lgu,2015-07-16T23:03:31.530Z,"37km NW of Ovalle, Chile",earthquake
2015-06-24T22:12:27.080Z,4.0563,93.6812,10,4,mb,,159,3.457,1.31,us,us20002waw,2015-07-18T01:27:44.758Z,"246km SW of Banda Aceh, Indonesia",earthquake
2015-06-24T22:06:31.810Z,-35.1005,-179.282,10,5,mb,,59,3.134,1.06,us,us10002lgm,2015-07-18T01:12:44.334Z,"East of the North Island of New Zealand",earthquake
2015-06-24T21:53:25.730Z,1.6223,126.4372,10,4.7,mb,,89,1.255,0.81,us,us10002lgg,2015-07-18T00:27:01.134Z,"138km NW of Kota Ternate, Indonesia",earthquake
2015-06-24T21:30:27.060Z,-18.9085,-67.7633,204.16,4.2,mb,,28,1.747,1.12,us,us10002lg6,2015-07-17T23:23:10.509Z,"103km SW of Poopo, Bolivia",earthquake
2015-06-24T21:05:25.500Z,17.3687,40.377,10,4.4,mb,,89,6.277,0.49,us,us10002lg0,2015-07-17T22:48:17.422Z,"199km WNW of Farasan, Saudi Arabia",earthquake
2015-06-24T19:12:54.350Z,41.7742,88.4362,34.96,5.4,mb,,51,6.679,0.91,us,us10002lfa,2015-06-24T19:54:37.642Z,"142km SSW of Turpan, China",earthquake
2015-06-24T16:26:29.160Z,25.6022,142.3523,39.39,4.3,mb,,153,1.495,0.63,us,us20002wai,2015-07-10T04:07:29.879Z,"137km NE of Iwo Jima, Japan",earthquake
2015-06-24T16:00:46.580Z,-18.0265,-178.4331,569.87,4.5,mb,,79,3.358,1.19,us,us10002le9,2015-07-10T01:37:08.300Z,"291km N of Ndoi Island, Fiji",earthquake
2015-06-24T10:32:52.840Z,-9.5316,125.1583,43.4,4.8,mb,,72,0.906,1.01,us,us10002lc3,2015-06-24T18:35:36.839Z,"55km SSE of Atambua, Indonesia",earthquake
2015-06-24T09:00:44.090Z,-32.4927,-178.128,30.19,5,mb,,67,5.842,1.07,us,us10002lbw,2015-06-24T17:03:51.034Z,"138km SSE of L'Esperance Rock, New Zealand",earthquake
2015-06-24T08:37:14.840Z,36.5973,27.1204,136.7,4.7,mb,,106,1.357,1.18,us,us10002lbs,2015-06-24T09:25:19.005Z,"20km S of Kardamaina, Greece",earthquake
2015-06-24T01:42:46.740Z,-10.3017,161.9917,55.6,4.6,mb,,66,2.189,1.09,us,us20002wa8,2015-07-10T00:50:34.966Z,"18km NNE of Kirakira, Solomon Islands",earthquake
2015-06-24T01:08:13.850Z,-21.9315,170.4507,94.89,4.5,mb,,153,2.864,1.14,us,us20002wa7,2015-07-10T00:29:12.414Z,"172km WNW of Ile Hunter, New Caledonia",earthquake
2015-06-23T22:35:20.120Z,38.6873,43.1797,5,4.5,mwr,,,,0.98,us,us10002l9m,2015-07-17T05:50:17.190Z,"27km NW of Van, Turkey",earthquake
2015-06-23T22:05:26.390Z,-14.5894,170.4516,635.03,4.3,mb,,143,6.872,0.8,us,us20002w1k,2015-07-17T04:53:52.446Z,"Vanuatu region",earthquake
2015-06-23T20:09:19.490Z,-29.5172,-68.6433,106.11,4.7,mb,,35,1.866,1.36,us,us10002l88,2015-06-24T04:12:20.071Z,"80km N of San Jose de Jachal, Argentina",earthquake
2015-06-23T19:20:31.130Z,-18.9518,169.4117,254.14,4.8,mb,,81,2.733,0.66,us,us10002l7z,2015-06-24T03:23:00.464Z,"67km NNE of Isangel, Vanuatu",earthquake
2015-06-23T16:39:46.260Z,-10.8799,163.7166,26.59,4.7,mb,,108,3.977,0.79,us,us10002l6x,2015-06-24T00:42:21.935Z,"202km ESE of Kirakira, Solomon Islands",earthquake
2015-06-23T16:32:16.150Z,35.5949,141.931,30.8,4.3,mb,,180,1.548,0.73,us,us10002l5u,2015-06-24T00:34:53.856Z,"100km E of Hasaki, Japan",earthquake
2015-06-23T13:54:04.670Z,27.6288,139.8741,472.47,4.4,mb,,46,2.122,0.67,us,us10002l59,2015-06-23T21:56:50.054Z,"239km WNW of Chichi-shima, Japan",earthquake
2015-06-23T13:48:22.020Z,27.5638,66.2128,10,4.5,mb,,213,7.366,0.98,us,us10002l57,2015-06-23T21:51:02.030Z,"46km WSW of Khuzdar, Pakistan",earthquake
2015-06-23T12:18:29.940Z,27.6685,139.7931,455.88,6.3,mwp,,19,2.201,0.91,us,us10002l37,2015-07-17T16:06:21.000Z,"248km WNW of Chichi-shima, Japan",earthquake
2015-06-23T09:32:31.200Z,6.1592,116.6058,15.17,4.5,mb,,109,6.519,0.55,us,us10002l8v,2015-06-23T21:55:04.212Z,"23km NNW of Ranau, Malaysia",earthquake
2015-06-23T08:59:55.820Z,-19.549,-175.0275,138,5.5,mwb,,15,4.839,0.73,us,us10002l2m,2015-07-17T16:06:20.000Z,"76km WNW of Pangai, Tonga",earthquake
2015-06-23T08:15:49.320Z,11.1668,42.3207,16.13,4.4,mb,,110,0.629,0.4,us,us20002w0q,2015-07-11T07:57:59.190Z,"8km NW of Dikhil, Djibouti",earthquake
2015-06-23T07:58:34.700Z,-17.493,-69.2635,158.36,4.1,mb,,97,0.869,1.1,us,us10002l2h,2015-07-07T10:08:15.105Z,"81km E of Tarata, Peru",earthquake
2015-06-23T07:16:40.800Z,7.9387,-77.9328,9.83,4.4,mb,,94,2.244,0.7,us,us10002l2e,2015-07-07T10:02:55.848Z,"35km SW of Yaviza, Panama",earthquake
2015-06-23T00:47:42.680Z,-11.0289,163.8054,44.99,4.8,mb,,112,4.112,1.36,us,us10002l1p,2015-06-23T08:50:10.491Z,"215km ESE of Kirakira, Solomon Islands",earthquake
2015-06-22T23:26:14.350Z,53.2887,157.7355,29,4.4,mb,,72,0.182,0.71,us,us10002l1b,2015-06-23T07:28:53.171Z,"44km WNW of Yelizovo, Russia",earthquake
2015-06-22T23:05:55.690Z,13.3956,144.261,149.48,4.5,mb,,61,2.356,0.5,us,us10002l0z,2015-06-23T07:08:23.011Z,"43km W of Agat Village, Guam",earthquake
2015-06-22T21:40:57.480Z,39.2991,71.7414,10,4.5,mb,,52,0.19,1.17,us,us10002kzk,2015-07-09T22:21:01.648Z,"20km ENE of Karakenja, Tajikistan",earthquake
2015-06-22T16:37:50.270Z,-7.0146,105.3069,47.53,4.9,mb,,171,2.545,0.68,us,us10002kwp,2015-06-22T20:16:44.004Z,"42km WSW of Tugu Hilir, Indonesia",earthquake
2015-06-22T15:50:58.920Z,29.5031,131.3631,22.68,4.1,mb,,165,2.148,0.62,us,us10002kw5,2015-06-22T23:53:30.525Z,"140km SSE of Nishinoomote, Japan",earthquake
2015-06-22T15:35:17.040Z,41.5213,142.1033,58.72,4.9,mb,,83,0.93,0.81,us,us10002kvz,2015-06-23T10:38:26.794Z,"78km ENE of Mutsu, Japan",earthquake
2015-06-22T11:42:04.410Z,-21.7923,-68.429,171.5,4.8,mb,,34,0.755,0.72,us,us10002ku9,2015-07-06T09:42:19.370Z,"91km NE of Calama, Chile",earthquake
2015-06-22T11:14:33.070Z,-15.5779,-173.3707,117.94,4.5,mb,,114,2.264,0.52,us,us20002w02,2015-07-11T06:40:43.088Z,"57km NE of Hihifo, Tonga",earthquake
2015-06-22T11:05:23.500Z,-5.8914,151.509,70.17,4.2,mb,,132,1.81,0.65,us,us20002w00,2015-07-11T06:34:11.983Z,"155km ESE of Kimbe, Papua New Guinea",earthquake
2015-06-22T09:13:40.870Z,-33.8174,-70.3002,104.08,4.5,mb,,58,0.367,0.59,us,us10002kts,2015-06-23T19:45:18.797Z,"34km SE of Puente Alto, Chile",earthquake
2015-06-22T05:16:20.270Z,36.5737,70.8871,200.17,4.2,mb,,106,0.604,0.89,us,us10002kt7,2015-06-22T13:18:57.276Z,"32km S of Jarm, Afghanistan",earthquake
2015-06-22T04:41:26.860Z,-5.5978,-102.1817,10,4.5,mb,,273,23.904,0.93,us,us20002w0b,2015-07-09T04:06:45.043Z,"Central East Pacific Rise",earthquake
2015-06-22T03:55:24.770Z,-31.073,-178.7975,99.6,4.8,mb,,157,1.971,1.19,us,us20002vzs,2015-07-09T03:42:40.537Z,"41km NNE of L'Esperance Rock, New Zealand",earthquake
2015-06-22T03:37:08.370Z,-21.6462,-179.028,554.47,4.4,mb,,168,4.756,1,us,us20002vzr,2015-07-09T03:34:56.720Z,"115km SSW of Ndoi Island, Fiji",earthquake
2015-06-22T03:24:06.970Z,-6.6271,155.1909,35,4.4,mb,,211,3.865,1.37,us,us20002vzq,2015-07-09T01:51:12.566Z,"47km SW of Panguna, Papua New Guinea",earthquake
2015-06-22T03:21:07.460Z,-23.9191,-15.0307,10,4.4,mb,,203,39.672,0.88,us,us20002w0c,2015-07-09T01:34:29.033Z,"Southern Mid-Atlantic Ridge",earthquake
2015-06-22T02:43:16.860Z,-22.7354,-66.2885,258.62,4,mb,,33,2.425,0.96,us,us10002ksq,2015-07-09T01:08:49.528Z,"60km W of Abra Pampa, Argentina",earthquake
2015-06-22T02:17:55.130Z,38.7753,142.2551,35.44,4.7,mwr,,135,1.465,1.11,us,us10002ksn,2015-07-09T00:58:53.120Z,"57km SE of Ofunato, Japan",earthquake
2015-06-22T02:08:56.870Z,33.4073,141.0443,40.98,4.5,mb,,115,1.071,0.67,us,us10002ksl,2015-07-09T00:47:17.926Z,"121km ENE of Hachijo-jima, Japan",earthquake
2015-06-22T00:25:27.760Z,6.8163,-73.033,152.26,4.3,mb,,49,0.918,0.87,us,us10002ks8,2015-06-22T08:28:09.039Z,"13km N of Aratoca, Colombia",earthquake
2015-06-22T00:18:28.960Z,-26.2983,-179.7753,459.87,4,mb,,118,3.36,0.49,us,us20002vzl,2015-07-14T00:37:53.702Z,"South of the Fiji Islands",earthquake
2015-06-21T23:55:41.930Z,4.5307,124.891,73.91,4.4,mb,,134,2.613,0.94,us,us10002np9,2015-07-13T23:49:25.326Z,"115km SSW of Sarangani, Philippines",earthquake
2015-06-21T23:14:11.490Z,5.1068,125.8352,123.62,4.5,mb,,92,1.966,0.9,us,us10002np8,2015-07-13T23:43:49.655Z,"52km SE of Sarangani, Philippines",earthquake
2015-06-21T21:28:16.830Z,-20.457,-178.3509,561.41,6,mwb,,25,4.34,1.3,us,us10002kra,2015-07-17T16:06:19.000Z,"42km ENE of Ndoi Island, Fiji",earthquake
2015-06-21T20:30:32.910Z,36.5115,141.3098,47.29,4.3,mb,,130,0.945,0.96,us,us10002kr3,2015-07-12T17:20:39.609Z,"57km ESE of Takahagi, Japan",earthquake
2015-06-21T18:27:57.440Z,-5.9601,128.0884,387.57,4.3,mb,,111,3.767,0.49,us,us10002kqg,2015-07-12T21:02:06.179Z,"247km S of Amahusu, Indonesia",earthquake
2015-06-21T17:19:59.200Z,13.2511,-89.7969,72.67,4.8,mb,,87,0.7,1.12,us,us10002kq9,2015-07-12T14:35:20.073Z,"37km S of Acajutla, El Salvador",earthquake
2015-06-21T17:01:24.030Z,18.6301,-69.0061,105.66,4.3,mb,,73,0.604,0.74,us,us10002kq6,2015-07-12T20:50:36.167Z,"5km NNW of Guaymate, Dominican Republic",earthquake
2015-06-21T15:16:38.710Z,30.5447,141.5164,40.72,4.5,mb,,117,2.944,0.86,us,us10002kpu,2015-06-21T23:19:11.616Z,"Izu Islands, Japan region",earthquake
2015-06-21T14:31:03.040Z,53.5056,109.1328,10.18,4.5,mb,,60,3.813,0.63,us,us10002kph,2015-06-21T22:33:43.754Z,"11km ENE of Ust'-Barguzin, Russia",earthquake
2015-06-21T14:18:10.930Z,36.6824,142.3242,10,4.5,mb,,169,1.703,1.29,us,us10002kpg,2015-06-21T22:20:50.070Z,"134km ESE of Iwaki, Japan",earthquake
2015-06-21T12:05:55.200Z,-25.1797,-176.1972,129.19,4.4,mb,,133,4.332,0.65,us,us10002np3,2015-07-07T07:01:32.081Z,"South of the Fiji Islands",earthquake
2015-06-21T11:33:10.080Z,39.4099,143.4468,34.68,4.3,mb,,143,2.532,0.96,us,us10002np0,2015-07-07T06:48:11.824Z,"129km E of Yamada, Japan",earthquake
2015-06-21T10:56:03.450Z,-15.7281,-73.8239,78.94,4.7,mb,,71,4.242,0.65,us,us10002knu,2015-07-06T08:04:46.327Z,"77km S of Coracora, Peru",earthquake
2015-06-21T07:27:35.010Z,10.0463,-83.1268,18.06,4.6,mb,,31,0.25,0.97,us,us10002kn7,2015-06-21T15:13:26.830Z,"11km WNW of Puerto Limon, Costa Rica",earthquake
2015-06-21T06:15:31.880Z,24.0154,122.4363,29.9,4.8,mb,,103,0.691,0.79,us,us10002kn2,2015-06-21T07:22:42.693Z,"75km SW of Yonakuni, Japan",earthquake
2015-06-21T05:40:48.180Z,24.5329,142.2802,40.21,4.7,mb,,81,2.553,0.84,us,us10002kn0,2015-06-21T13:43:21.828Z,"99km ESE of Iwo Jima, Japan",earthquake
2015-06-21T05:24:22.320Z,-21.3952,-179.0206,571.49,4.5,mb,,61,4.56,1.28,us,us10002kmv,2015-06-21T13:26:50.362Z,"88km SSW of Ndoi Island, Fiji",earthquake
2015-06-21T04:16:21.000Z,38.2209,141.6181,47.79,4.4,mb,,130,0.742,1.09,us,us10002kmk,2015-07-15T04:58:51.244Z,"35km SE of Ishinomaki, Japan",earthquake
2015-06-21T04:14:11.470Z,-15.9381,-71.455,132.95,4.1,mb,,127,2.642,0.75,us,us10002kmi,2015-07-15T04:07:58.623Z,"4km N of Pucara, Peru",earthquake
2015-06-21T04:02:46.670Z,32.69,83.238,10,4.3,mb,,138,8.413,0.62,us,us10002kme,2015-07-15T00:18:56.624Z,"101km WNW of Luring, China",earthquake
2015-06-21T02:16:22.830Z,-14.824,167.4357,124.74,4.1,mb,,162,0.658,0.94,us,us10002nns,2015-07-15T03:36:16.951Z,"48km ENE of Port-Olry, Vanuatu",earthquake
2015-06-21T01:57:52.200Z,36.7053,142.3113,20.39,4.3,mb,,91,1.679,0.72,us,us10002km0,2015-07-15T00:16:45.381Z,"132km ESE of Iwaki, Japan",earthquake
2015-06-21T01:28:18.250Z,36.5679,70.8625,217.02,4,mb,,78,0.602,0.67,us,us10002klv,2015-07-14T23:59:56.099Z,"33km S of Jarm, Afghanistan",earthquake
2015-06-20T23:39:09.500Z,-23.5164,-177.1052,151,5.9,mww,,17,5.752,1.05,us,us10002kld,2015-07-17T16:06:17.000Z,"South of the Fiji Islands",earthquake
2015-06-20T19:52:43.900Z,34.3082,26.2262,15.25,5,mb,,45,0.804,0.86,us,us10002kjx,2015-07-16T23:59:23.788Z,"84km SSE of Makry Gialos, Greece",earthquake
2015-06-20T19:32:17.230Z,10.8087,-86.641,29.71,4.5,mb,,182,1.031,0.62,us,us10002kjp,2015-07-16T22:06:36.099Z,"97km WSW of San Juan del Sur, Nicaragua",earthquake
2015-06-20T19:15:37.960Z,-2.305,134.1516,29.48,4.2,mb,,143,1.996,0.46,us,us10002nac,2015-07-16T03:46:23.318Z,"159km S of Manokwari, Indonesia",earthquake
2015-06-20T15:37:31.320Z,43.3518,147.7933,49.21,4.2,mb,,143,3.669,1.09,us,us10002nae,2015-07-12T20:38:07.612Z,"99km ESE of Shikotan, Russia",earthquake
2015-06-20T14:49:39.620Z,25.606,142.6763,25.9,4.6,mb,,161,1.547,0.87,us,us10002ki1,2015-07-12T20:29:25.674Z,"163km NE of Iwo Jima, Japan",earthquake
2015-06-20T14:38:30.280Z,25.6275,141.7236,35,4.3,mb,,158,1.519,1.47,us,us10002na5,2015-07-12T20:27:14.986Z,"101km NNE of Iwo Jima, Japan",earthquake
2015-06-20T14:18:59.000Z,-36.244,-73.601,14.6,4.4,mwr,,,,0.79,us,us10002ki0,2015-07-12T14:15:05.292Z,"68km NW of Talcahuano, Chile",earthquake
2015-06-20T13:57:43.310Z,-15.6213,167.9329,29.46,4.6,mb,,156,0.724,0.39,us,us10002naa,2015-07-12T17:24:26.200Z,"76km NE of Norsup, Vanuatu",earthquake
2015-06-20T13:50:44.250Z,25.652,142.7942,33.1,4.8,mb,,129,1.538,0.75,us,us10002khx,2015-07-12T17:16:53.780Z,"168km SSE of Chichi-shima, Japan",earthquake
2015-06-20T12:47:13.450Z,-14.9831,-173.2746,31.26,4.7,mb,,88,1.801,0.39,us,us10002na3,2015-07-06T07:05:12.151Z,"118km NNE of Hihifo, Tonga",earthquake
2015-06-20T12:23:05.580Z,28.5523,82.6319,10,4.7,mb,,92,2.513,0.61,us,us10002khh,2015-07-06T06:53:23.594Z,"49km ENE of Salyan, Nepal",earthquake
2015-06-20T11:41:59.290Z,15.119,119.5309,25.63,4.8,mb,,94,2.576,0.66,us,us10002khc,2015-07-06T06:19:17.572Z,"53km SW of Liozon, Philippines",earthquake
2015-06-20T07:44:12.770Z,25.5509,141.5295,10.45,4.5,mb,,78,1.646,1.05,us,us10002kg6,2015-07-16T08:58:53.689Z,"87km NNE of Iwo Jima, Japan",earthquake
2015-06-20T06:56:18.970Z,-5.3418,152.3703,35,4.5,mb,,75,1.161,0.83,us,us10002n9y,2015-07-16T08:29:33.872Z,"110km S of Kokopo, Papua New Guinea",earthquake
2015-06-20T06:20:20.760Z,0.7152,123.743,258.67,4.5,mb,,68,1.997,0.92,us,us10002kfq,2015-07-16T06:40:38.360Z,"28km SE of Pimpi, Indonesia",earthquake
2015-06-20T05:32:08.810Z,-59.6293,-26.5027,50.11,5.7,mww,,32,15.36,0.88,us,us10002kfg,2015-07-17T16:06:16.000Z,"66km S of Bristol Island, South Sandwich Islands",earthquake
2015-06-20T05:22:19.000Z,-36.277,-73.724,30.4,5.5,mwr,,,,0.85,us,us10002kfc,2015-07-16T05:27:36.937Z,"73km NW of Talcahuano, Chile",earthquake
2015-06-20T05:10:54.900Z,35.7392,-97.3865,3,4,mwr,,,,0.64,us,us10002kf3,2015-07-12T12:04:38.582Z,"12km NE of Edmond, Oklahoma",earthquake
2015-06-20T03:20:46.520Z,-36.4111,-73.6796,11.66,4.5,mb,,140,1.995,0.96,us,us10002kei,2015-07-12T04:13:03.993Z,"60km NW of Talcahuano, Chile",earthquake
2015-06-20T02:44:27.030Z,35.2057,139.0552,11.3,4.2,mb,,126,0.889,0.96,us,us10002n9u,2015-07-14T23:55:29.581Z,"3km NE of Hakone, Japan",earthquake
2015-06-20T02:10:06.980Z,-36.3581,-73.7885,10,6.4,mww,,51,2.024,0.98,us,us10002ke8,2015-07-17T16:06:15.000Z,"72km WNW of Talcahuano, Chile",earthquake
2015-06-20T01:21:24.360Z,-24.5299,-175.7428,32.76,4.7,mb,,121,8.892,0.97,us,us10002n9x,2015-07-14T23:26:31.094Z,"South of Tonga",earthquake
2015-06-20T01:05:14.210Z,-11.4837,163.2816,39.16,4.5,mb,,86,3.857,0.64,us,us10002ke5,2015-07-14T22:40:19.505Z,"187km SE of Kirakira, Solomon Islands",earthquake
2015-06-20T00:12:45.730Z,-5.6418,151.9767,10.09,4.3,mb,,215,1.453,0.26,us,us10002n9t,2015-07-13T23:22:40.484Z,"146km SSW of Kokopo, Papua New Guinea",earthquake
2015-06-19T22:54:59.660Z,-10.9658,166.3667,159.31,4.3,mb,,80,4.528,0.56,us,us10002n9l,2015-07-13T23:18:15.418Z,"64km ESE of Lata, Solomon Islands",earthquake
2015-06-19T22:38:55.940Z,25.7287,142.5864,43.18,4.8,mb,,119,1.408,0.73,us,us10002kd1,2015-06-28T23:14:12.430Z,"154km SSE of Chichi-shima, Japan",earthquake
2015-06-19T21:33:44.680Z,-18.0133,-178.3693,577.27,4.3,mb,,102,3.417,0.92,us,us10002n9i,2015-07-13T23:05:27.373Z,"293km N of Ndoi Island, Fiji",earthquake
2015-06-19T15:58:20.420Z,17.5111,-61.4093,22.95,4.3,mb,,186,0.391,0.93,us,us10002n9d,2015-07-12T17:07:07.616Z,"45km ESE of Codrington, Barbuda",earthquake
2015-06-19T15:26:26.890Z,-19.6014,-174.159,35,4.8,mb,,81,4.029,1.25,us,us10002k9x,2015-07-12T16:59:13.122Z,"29km NE of Pangai, Tonga",earthquake
2015-06-19T13:06:34.540Z,4.0497,126.7892,53.99,4.6,mb,,112,3.306,0.74,us,us10002k7u,2015-07-12T14:30:10.384Z,"209km SE of Sarangani, Philippines",earthquake
2015-06-19T12:30:17.130Z,29.2639,130.4331,31.43,4.7,mb,,128,2.238,0.63,us,us10002k7n,2015-06-19T20:32:52.799Z,"135km NE of Naze, Japan",earthquake
2015-06-19T08:57:05.720Z,-5.84,153.5642,12.67,4.2,mb,,159,2.151,0.36,us,us10002n97,2015-07-12T10:57:13.291Z,"162km SSE of Taron, Papua New Guinea",earthquake
2015-06-19T08:09:53.370Z,26.9542,143.8264,10,5.3,mb,,68,1.471,0.81,us,us10002k6u,2015-07-12T10:41:05.732Z,"160km E of Chichi-shima, Japan",earthquake
2015-06-19T07:12:48.200Z,36.5602,70.4432,199.84,4.3,mb,,69,0.574,0.93,us,us10002k6g,2015-07-11T12:01:24.324Z,"48km SW of Jarm, Afghanistan",earthquake
2015-06-19T05:08:27.380Z,23.0675,143.3939,52.23,4.2,mb,,115,4.158,0.78,us,us10002n92,2015-07-11T11:10:39.353Z,"283km SE of Iwo Jima, Japan",earthquake
2015-06-19T04:31:22.100Z,-4.9455,102.8155,55.1,4.4,mb,,181,0.597,0.99,us,us10002n91,2015-07-12T01:59:08.670Z,"105km W of Kuripan, Indonesia",earthquake
2015-06-19T03:18:57.580Z,44.5672,148.2404,67,4.6,mb,,80,4.076,0.55,us,us10002k5y,2015-07-12T00:03:15.979Z,"79km SSE of Kuril'sk, Russia",earthquake
2015-06-19T02:03:47.060Z,51.8691,-179.9166,114.18,4.7,mb,,123,0.251,0.8,us,us10002k5e,2015-07-11T23:32:48.657Z,"34km ESE of Semisopochnoi Island, Alaska",earthquake
2015-06-19T01:59:29.240Z,-9.0799,124.1259,103.96,4.3,mb,,112,0.685,0.78,us,us10002n95,2015-07-11T23:17:20.426Z,"56km NW of Kefamenanu, Indonesia",earthquake
2015-06-19T01:52:50.010Z,-4.3563,143.2826,113.42,4.5,mb,,30,4.679,0.85,us,us10002k58,2015-07-11T22:57:35.718Z,"50km ESE of Ambunti, Papua New Guinea",earthquake
2015-06-19T01:29:15.240Z,-7.4188,155.2812,10,4.6,mb,,95,4.46,0.67,us,us10002n8x,2015-07-11T22:51:00.818Z,"123km S of Panguna, Papua New Guinea",earthquake
2015-06-19T00:35:14.280Z,37.5366,141.5866,40.94,4.4,mwr,,83,0.713,0.93,us,us10002k4j,2015-06-28T22:48:36.387Z,"52km E of Namie, Japan",earthquake
2015-06-19T00:09:16.140Z,-24.2995,-67.1643,189.79,4.3,mb,,77,2.322,0.97,us,us10002n8v,2015-07-13T22:38:16.150Z,"86km W of San Antonio de los Cobres, Argentina",earthquake
